File,aid,Date,0,1,2,3
_1_km_monthly_pixel_reliability_2000061_aid0001,aid0001,2000-03-01 00:00:00+00:00,3533934,414960,166498,65539
_1_km_monthly_pixel_reliability_2000092_aid0001,aid0001,2000-04-01 00:00:00+00:00,3468038,568690,122821,22931
_1_km_monthly_pixel_reliability_2000122_aid0001,aid0001,2000-05-01 00:00:00+00:00,3490301,601378,44294,46391
_1_km_monthly_pixel_reliability_2000153_aid0001,aid0001,2000-06-01 00:00:00+00:00,1907778,1939962,19401,315091
_1_km_monthly_pixel_reliability_2000183_aid0001,aid0001,2000-07-01 00:00:00+00:00,1367501,2160825,9000,644980
_1_km_monthly_pixel_reliability_2000214_aid0001,aid0001,2000-08-01 00:00:00+00:00,1277915,2331229,10644,562653
_1_km_monthly_pixel_reliability_2000245_aid0001,aid0001,2000-09-01 00:00:00+00:00,2864884,1244532,15673,56587
_1_km_monthly_pixel_reliability_2000275_aid0001,aid0001,2000-10-01 00:00:00+00:00,3727437,402322,24910,25957
_1_km_monthly_pixel_reliability_2000306_aid0001,aid0001,2000-11-01 00:00:00+00:00,3608234,485128,41814,44591
_1_km_monthly_pixel_reliability_2000336_aid0001,aid0001,2000-12-01 00:00:00+00:00,3545736,440192,117104,77102
_1_km_monthly_pixel_reliability_2001001_aid0001,aid0001,2001-01-01 00:00:00+00:00,3051492,893318,131422,102609
_1_km_monthly_pixel_reliability_2001032_aid0001,aid0001,2001-02-01 00:00:00+00:00,3581836,395144,125958,78036
_1_km_monthly_pixel_reliability_2001060_aid0001,aid0001,2001-03-01 00:00:00+00:00,3261138,723067,148018,49479
_1_km_monthly_pixel_reliability_2001091_aid0001,aid0001,2001-04-01 00:00:00+00:00,3394163,629912,130559,27682
_1_km_monthly_pixel_reliability_2001121_aid0001,aid0001,2001-05-01 00:00:00+00:00,3589760,512506,51364,28771
_1_km_monthly_pixel_reliability_2001152_aid0001,aid0001,2001-06-01 00:00:00+00:00,2633473,1051082,29787,466072
_1_km_monthly_pixel_reliability_2001182_aid0001,aid0001,2001-07-01 00:00:00+00:00,774911,1458004,13060,1935845
_1_km_monthly_pixel_reliability_2001213_aid0001,aid0001,2001-08-01 00:00:00+00:00,1535249,2105379,13524,527860
_1_km_monthly_pixel_reliability_2001244_aid0001,aid0001,2001-09-01 00:00:00+00:00,2854387,1175525,19636,132296
_1_km_monthly_pixel_reliability_2001274_aid0001,aid0001,2001-10-01 00:00:00+00:00,3567146,536687,41609,34335
_1_km_monthly_pixel_reliability_2001305_aid0001,aid0001,2001-11-01 00:00:00+00:00,3286576,676003,117982,97269
_1_km_monthly_pixel_reliability_2001335_aid0001,aid0001,2001-12-01 00:00:00+00:00,3496533,507395,110729,65609
_1_km_monthly_pixel_reliability_2002001_aid0001,aid0001,2002-01-01 00:00:00+00:00,3191196,733295,160550,92878
_1_km_monthly_pixel_reliability_2002032_aid0001,aid0001,2002-02-01 00:00:00+00:00,3327396,565158,205067,81782
_1_km_monthly_pixel_reliability_2002060_aid0001,aid0001,2002-03-01 00:00:00+00:00,3452568,491585,201290,35672
_1_km_monthly_pixel_reliability_2002091_aid0001,aid0001,2002-04-01 00:00:00+00:00,3558373,432790,159386,31789
_1_km_monthly_pixel_reliability_2002121_aid0001,aid0001,2002-05-01 00:00:00+00:00,3331813,735574,84054,30984
_1_km_monthly_pixel_reliability_2002152_aid0001,aid0001,2002-06-01 00:00:00+00:00,2277158,1601026,31916,272124
_1_km_monthly_pixel_reliability_2002182_aid0001,aid0001,2002-07-01 00:00:00+00:00,1190940,2171586,12357,807289
_1_km_monthly_pixel_reliability_2002213_aid0001,aid0001,2002-08-01 00:00:00+00:00,1288649,2287159,15069,591150
_1_km_monthly_pixel_reliability_2002244_aid0001,aid0001,2002-09-01 00:00:00+00:00,3254288,862067,27218,37910
_1_km_monthly_pixel_reliability_2002274_aid0001,aid0001,2002-10-01 00:00:00+00:00,3410113,668136,46031,55451
_1_km_monthly_pixel_reliability_2002305_aid0001,aid0001,2002-11-01 00:00:00+00:00,3471159,606692,51718,49878
_1_km_monthly_pixel_reliability_2002335_aid0001,aid0001,2002-12-01 00:00:00+00:00,3448075,602941,49049,80586
_1_km_monthly_pixel_reliability_2003001_aid0001,aid0001,2003-01-01 00:00:00+00:00,2908016,1046728,65671,159635
_1_km_monthly_pixel_reliability_2003032_aid0001,aid0001,2003-02-01 00:00:00+00:00,3598715,277836,172296,111931
_1_km_monthly_pixel_reliability_2003060_aid0001,aid0001,2003-03-01 00:00:00+00:00,3450904,479614,168529,82677
_1_km_monthly_pixel_reliability_2003091_aid0001,aid0001,2003-04-01 00:00:00+00:00,3422838,563952,153173,42344
_1_km_monthly_pixel_reliability_2003121_aid0001,aid0001,2003-05-01 00:00:00+00:00,3323870,724306,102480,31710
_1_km_monthly_pixel_reliability_2003152_aid0001,aid0001,2003-06-01 00:00:00+00:00,2280611,1270026,34604,596961
_1_km_monthly_pixel_reliability_2003182_aid0001,aid0001,2003-07-01 00:00:00+00:00,969424,1824818,15160,1372794
_1_km_monthly_pixel_reliability_2003213_aid0001,aid0001,2003-08-01 00:00:00+00:00,960276,2293561,10747,917112
_1_km_monthly_pixel_reliability_2003244_aid0001,aid0001,2003-09-01 00:00:00+00:00,2291356,1697258,19084,172319
_1_km_monthly_pixel_reliability_2003274_aid0001,aid0001,2003-10-01 00:00:00+00:00,3118716,976456,44928,34557
_1_km_monthly_pixel_reliability_2003305_aid0001,aid0001,2003-11-01 00:00:00+00:00,3454236,629846,49312,41407
_1_km_monthly_pixel_reliability_2003335_aid0001,aid0001,2003-12-01 00:00:00+00:00,3475750,521045,72176,108234
_1_km_monthly_pixel_reliability_2004001_aid0001,aid0001,2004-01-01 00:00:00+00:00,3068542,824169,152932,127912
_1_km_monthly_pixel_reliability_2004032_aid0001,aid0001,2004-02-01 00:00:00+00:00,3457166,464808,174703,79573
_1_km_monthly_pixel_reliability_2004061_aid0001,aid0001,2004-03-01 00:00:00+00:00,3568287,440086,137203,33486
_1_km_monthly_pixel_reliability_2004092_aid0001,aid0001,2004-04-01 00:00:00+00:00,3623018,408677,119059,30270
_1_km_monthly_pixel_reliability_2004122_aid0001,aid0001,2004-05-01 00:00:00+00:00,3384491,679923,73318,44459
_1_km_monthly_pixel_reliability_2004153_aid0001,aid0001,2004-06-01 00:00:00+00:00,1963464,1979352,35496,203945
_1_km_monthly_pixel_reliability_2004183_aid0001,aid0001,2004-07-01 00:00:00+00:00,1369011,1780817,18990,1013396
_1_km_monthly_pixel_reliability_2004214_aid0001,aid0001,2004-08-01 00:00:00+00:00,1894869,1794806,14795,477712
_1_km_monthly_pixel_reliability_2004245_aid0001,aid0001,2004-09-01 00:00:00+00:00,2756324,1342468,19504,62686
_1_km_monthly_pixel_reliability_2004275_aid0001,aid0001,2004-10-01 00:00:00+00:00,3414166,647612,66889,51960
_1_km_monthly_pixel_reliability_2004306_aid0001,aid0001,2004-11-01 00:00:00+00:00,3354934,691957,78023,54227
_1_km_monthly_pixel_reliability_2004336_aid0001,aid0001,2004-12-01 00:00:00+00:00,3315782,702519,70037,92121
_1_km_monthly_pixel_reliability_2005001_aid0001,aid0001,2005-01-01 00:00:00+00:00,3055676,808276,177706,134446
_1_km_monthly_pixel_reliability_2005032_aid0001,aid0001,2005-02-01 00:00:00+00:00,3453411,411905,136246,179576
_1_km_monthly_pixel_reliability_2005060_aid0001,aid0001,2005-03-01 00:00:00+00:00,3434735,488022,192541,65585
_1_km_monthly_pixel_reliability_2005091_aid0001,aid0001,2005-04-01 00:00:00+00:00,3168056,803216,170462,40542
_1_km_monthly_pixel_reliability_2005121_aid0001,aid0001,2005-05-01 00:00:00+00:00,3481878,533342,101650,65613
_1_km_monthly_pixel_reliability_2005152_aid0001,aid0001,2005-06-01 00:00:00+00:00,2655153,1149786,60139,317359
_1_km_monthly_pixel_reliability_2005182_aid0001,aid0001,2005-07-01 00:00:00+00:00,870868,1837535,21516,1452229
_1_km_monthly_pixel_reliability_2005213_aid0001,aid0001,2005-08-01 00:00:00+00:00,1997702,1801726,15664,366756
_1_km_monthly_pixel_reliability_2005244_aid0001,aid0001,2005-09-01 00:00:00+00:00,2543123,1586677,17263,34023
_1_km_monthly_pixel_reliability_2005274_aid0001,aid0001,2005-10-01 00:00:00+00:00,2836833,1255658,27677,58553
_1_km_monthly_pixel_reliability_2005305_aid0001,aid0001,2005-11-01 00:00:00+00:00,3547564,509307,64484,56539
_1_km_monthly_pixel_reliability_2005335_aid0001,aid0001,2005-12-01 00:00:00+00:00,3479974,556592,63345,79368
_1_km_monthly_pixel_reliability_2006001_aid0001,aid0001,2006-01-01 00:00:00+00:00,3285965,605976,146912,139305
_1_km_monthly_pixel_reliability_2006032_aid0001,aid0001,2006-02-01 00:00:00+00:00,3426289,501804,156852,95075
_1_km_monthly_pixel_reliability_2006060_aid0001,aid0001,2006-03-01 00:00:00+00:00,3437421,507096,177217,59448
_1_km_monthly_pixel_reliability_2006091_aid0001,aid0001,2006-04-01 00:00:00+00:00,3302024,694397,163676,22285
_1_km_monthly_pixel_reliability_2006121_aid0001,aid0001,2006-05-01 00:00:00+00:00,3434259,655754,50971,41402
_1_km_monthly_pixel_reliability_2006152_aid0001,aid0001,2006-06-01 00:00:00+00:00,2739324,1151760,24449,266796
_1_km_monthly_pixel_reliability_2006182_aid0001,aid0001,2006-07-01 00:00:00+00:00,989484,1661508,12548,1518768
_1_km_monthly_pixel_reliability_2006213_aid0001,aid0001,2006-08-01 00:00:00+00:00,1713301,2094697,10852,363397
_1_km_monthly_pixel_reliability_2006244_aid0001,aid0001,2006-09-01 00:00:00+00:00,2571139,1553981,15452,37396
_1_km_monthly_pixel_reliability_2006274_aid0001,aid0001,2006-10-01 00:00:00+00:00,3421458,700646,24403,28463
_1_km_monthly_pixel_reliability_2006305_aid0001,aid0001,2006-11-01 00:00:00+00:00,2750584,1306415,58331,60094
_1_km_monthly_pixel_reliability_2006335_aid0001,aid0001,2006-12-01 00:00:00+00:00,3037941,915032,138875,83569
_1_km_monthly_pixel_reliability_2007001_aid0001,aid0001,2007-01-01 00:00:00+00:00,3099348,848090,131844,94599
_1_km_monthly_pixel_reliability_2007032_aid0001,aid0001,2007-02-01 00:00:00+00:00,3217388,739213,133830,85636
_1_km_monthly_pixel_reliability_2007060_aid0001,aid0001,2007-03-01 00:00:00+00:00,3420241,522124,178175,57889
_1_km_monthly_pixel_reliability_2007091_aid0001,aid0001,2007-04-01 00:00:00+00:00,3448654,607034,108068,16883
_1_km_monthly_pixel_reliability_2007121_aid0001,aid0001,2007-05-01 00:00:00+00:00,3480153,623892,50178,27615
_1_km_monthly_pixel_reliability_2007152_aid0001,aid0001,2007-06-01 00:00:00+00:00,2437182,1316025,24539,404262
_1_km_monthly_pixel_reliability_2007182_aid0001,aid0001,2007-07-01 00:00:00+00:00,865448,1853876,12099,1450818
_1_km_monthly_pixel_reliability_2007213_aid0001,aid0001,2007-08-01 00:00:00+00:00,1308106,2319744,8931,545400
_1_km_monthly_pixel_reliability_2007244_aid0001,aid0001,2007-09-01 00:00:00+00:00,2436737,1655600,15713,71665
_1_km_monthly_pixel_reliability_2007274_aid0001,aid0001,2007-10-01 00:00:00+00:00,3269864,817487,41727,48123
_1_km_monthly_pixel_reliability_2007305_aid0001,aid0001,2007-11-01 00:00:00+00:00,3043861,1068933,28347,35917
_1_km_monthly_pixel_reliability_2007335_aid0001,aid0001,2007-12-01 00:00:00+00:00,2638386,1451107,31198,58068
_1_km_monthly_pixel_reliability_2008001_aid0001,aid0001,2008-01-01 00:00:00+00:00,3076611,829485,98369,173782
_1_km_monthly_pixel_reliability_2008032_aid0001,aid0001,2008-02-01 00:00:00+00:00,2879613,1012270,165311,122753
_1_km_monthly_pixel_reliability_2008061_aid0001,aid0001,2008-03-01 00:00:00+00:00,3291303,682296,162587,45402
_1_km_monthly_pixel_reliability_2008092_aid0001,aid0001,2008-04-01 00:00:00+00:00,3383826,624818,124784,48702
_1_km_monthly_pixel_reliability_2008122_aid0001,aid0001,2008-05-01 00:00:00+00:00,3307431,759568,64923,50419
_1_km_monthly_pixel_reliability_2008153_aid0001,aid0001,2008-06-01 00:00:00+00:00,1880115,1611828,18861,671354
_1_km_monthly_pixel_reliability_2008183_aid0001,aid0001,2008-07-01 00:00:00+00:00,846479,1588100,10285,1737284
_1_km_monthly_pixel_reliability_2008214_aid0001,aid0001,2008-08-01 00:00:00+00:00,1513908,2104012,10776,553385
_1_km_monthly_pixel_reliability_2008245_aid0001,aid0001,2008-09-01 00:00:00+00:00,2675821,1445095,22650,36248
_1_km_monthly_pixel_reliability_2008275_aid0001,aid0001,2008-10-01 00:00:00+00:00,3607614,500752,45970,25603
_1_km_monthly_pixel_reliability_2008306_aid0001,aid0001,2008-11-01 00:00:00+00:00,3165618,906732,56782,49418
_1_km_monthly_pixel_reliability_2008336_aid0001,aid0001,2008-12-01 00:00:00+00:00,3000713,1033181,69297,76785
_1_km_monthly_pixel_reliability_2009001_aid0001,aid0001,2009-01-01 00:00:00+00:00,2517375,1365843,169653,122199
_1_km_monthly_pixel_reliability_2009032_aid0001,aid0001,2009-02-01 00:00:00+00:00,3213357,692550,164439,108949
_1_km_monthly_pixel_reliability_2009060_aid0001,aid0001,2009-03-01 00:00:00+00:00,3077495,876055,167265,60731
_1_km_monthly_pixel_reliability_2009091_aid0001,aid0001,2009-04-01 00:00:00+00:00,3237987,753468,150825,40033
_1_km_monthly_pixel_reliability_2009121_aid0001,aid0001,2009-05-01 00:00:00+00:00,3369502,683813,101494,27452
_1_km_monthly_pixel_reliability_2009152_aid0001,aid0001,2009-06-01 00:00:00+00:00,2834242,1116304,44599,187097
_1_km_monthly_pixel_reliability_2009182_aid0001,aid0001,2009-07-01 00:00:00+00:00,953659,2006600,19493,1202575
_1_km_monthly_pixel_reliability_2009213_aid0001,aid0001,2009-08-01 00:00:00+00:00,1535312,2292556,15390,338684
_1_km_monthly_pixel_reliability_2009244_aid0001,aid0001,2009-09-01 00:00:00+00:00,2820371,1310544,21562,27939
_1_km_monthly_pixel_reliability_2009274_aid0001,aid0001,2009-10-01 00:00:00+00:00,3614057,503872,35283,25559
_1_km_monthly_pixel_reliability_2009305_aid0001,aid0001,2009-11-01 00:00:00+00:00,3096814,939805,78374,64034
_1_km_monthly_pixel_reliability_2009335_aid0001,aid0001,2009-12-01 00:00:00+00:00,2319025,1618164,137955,104555
_1_km_monthly_pixel_reliability_2010001_aid0001,aid0001,2010-01-01 00:00:00+00:00,2661477,1244869,142124,129100
_1_km_monthly_pixel_reliability_2010032_aid0001,aid0001,2010-02-01 00:00:00+00:00,3115509,808408,137571,118522
_1_km_monthly_pixel_reliability_2010060_aid0001,aid0001,2010-03-01 00:00:00+00:00,3192536,781440,143530,64448
_1_km_monthly_pixel_reliability_2010091_aid0001,aid0001,2010-04-01 00:00:00+00:00,3448140,560128,127025,47048
_1_km_monthly_pixel_reliability_2010121_aid0001,aid0001,2010-05-01 00:00:00+00:00,3345560,686168,106505,44055
_1_km_monthly_pixel_reliability_2010152_aid0001,aid0001,2010-06-01 00:00:00+00:00,2433659,1257287,62675,428370
_1_km_monthly_pixel_reliability_2010182_aid0001,aid0001,2010-07-01 00:00:00+00:00,777478,1830784,18910,1554811
_1_km_monthly_pixel_reliability_2010213_aid0001,aid0001,2010-08-01 00:00:00+00:00,792453,2137724,12715,1239029
_1_km_monthly_pixel_reliability_2010244_aid0001,aid0001,2010-09-01 00:00:00+00:00,2609925,1458226,19693,92131
_1_km_monthly_pixel_reliability_2010274_aid0001,aid0001,2010-10-01 00:00:00+00:00,2618932,1481899,35123,40044
_1_km_monthly_pixel_reliability_2010305_aid0001,aid0001,2010-11-01 00:00:00+00:00,2656125,1394225,44500,81810
_1_km_monthly_pixel_reliability_2010335_aid0001,aid0001,2010-12-01 00:00:00+00:00,2881794,1184883,45015,65679
_1_km_monthly_pixel_reliability_2011001_aid0001,aid0001,2011-01-01 00:00:00+00:00,3019643,851767,183218,119263
_1_km_monthly_pixel_reliability_2011032_aid0001,aid0001,2011-02-01 00:00:00+00:00,3420626,475304,166341,115660
_1_km_monthly_pixel_reliability_2011060_aid0001,aid0001,2011-03-01 00:00:00+00:00,3582857,352741,175190,68946
_1_km_monthly_pixel_reliability_2011091_aid0001,aid0001,2011-04-01 00:00:00+00:00,3126952,862131,163801,28608
_1_km_monthly_pixel_reliability_2011121_aid0001,aid0001,2011-05-01 00:00:00+00:00,3166658,914070,70449,31004
_1_km_monthly_pixel_reliability_2011152_aid0001,aid0001,2011-06-01 00:00:00+00:00,1959060,1857793,23863,341524
_1_km_monthly_pixel_reliability_2011182_aid0001,aid0001,2011-07-01 00:00:00+00:00,614874,1936906,13619,1616762
_1_km_monthly_pixel_reliability_2011213_aid0001,aid0001,2011-08-01 00:00:00+00:00,756724,2213061,12153,1200071
_1_km_monthly_pixel_reliability_2011244_aid0001,aid0001,2011-09-01 00:00:00+00:00,2389827,1710294,18581,61768
_1_km_monthly_pixel_reliability_2011274_aid0001,aid0001,2011-10-01 00:00:00+00:00,2593514,1520803,33574,26422
_1_km_monthly_pixel_reliability_2011305_aid0001,aid0001,2011-11-01 00:00:00+00:00,2946438,1105866,80277,41452
_1_km_monthly_pixel_reliability_2011335_aid0001,aid0001,2011-12-01 00:00:00+00:00,2731116,1313428,71200,59959
_1_km_monthly_pixel_reliability_2012001_aid0001,aid0001,2012-01-01 00:00:00+00:00,2899144,1031942,143474,100315
_1_km_monthly_pixel_reliability_2012032_aid0001,aid0001,2012-02-01 00:00:00+00:00,2976885,919526,166150,114481
_1_km_monthly_pixel_reliability_2012061_aid0001,aid0001,2012-03-01 00:00:00+00:00,3205924,741133,164860,67032
_1_km_monthly_pixel_reliability_2012092_aid0001,aid0001,2012-04-01 00:00:00+00:00,3362585,643143,140032,34713
_1_km_monthly_pixel_reliability_2012122_aid0001,aid0001,2012-05-01 00:00:00+00:00,2971001,1080920,87748,42197
_1_km_monthly_pixel_reliability_2012153_aid0001,aid0001,2012-06-01 00:00:00+00:00,2136126,1773682,42894,229441
_1_km_monthly_pixel_reliability_2012183_aid0001,aid0001,2012-07-01 00:00:00+00:00,1006184,1752429,14992,1408563
_1_km_monthly_pixel_reliability_2012214_aid0001,aid0001,2012-08-01 00:00:00+00:00,828678,1990811,12316,1350301
_1_km_monthly_pixel_reliability_2012245_aid0001,aid0001,2012-09-01 00:00:00+00:00,2540623,1560077,16106,64274
_1_km_monthly_pixel_reliability_2012275_aid0001,aid0001,2012-10-01 00:00:00+00:00,3116140,999263,34801,29158
_1_km_monthly_pixel_reliability_2012306_aid0001,aid0001,2012-11-01 00:00:00+00:00,2694804,1375437,55528,52236
_1_km_monthly_pixel_reliability_2012336_aid0001,aid0001,2012-12-01 00:00:00+00:00,3153619,846370,102479,77537
_1_km_monthly_pixel_reliability_2013001_aid0001,aid0001,2013-01-01 00:00:00+00:00,2963209,925183,154926,133054
_1_km_monthly_pixel_reliability_2013032_aid0001,aid0001,2013-02-01 00:00:00+00:00,2821026,1068803,201796,88000
_1_km_monthly_pixel_reliability_2013060_aid0001,aid0001,2013-03-01 00:00:00+00:00,3025758,923023,182280,50129
_1_km_monthly_pixel_reliability_2013091_aid0001,aid0001,2013-04-01 00:00:00+00:00,3122789,858634,143558,57195
_1_km_monthly_pixel_reliability_2013121_aid0001,aid0001,2013-05-01 00:00:00+00:00,2848138,1182535,92322,59406
_1_km_monthly_pixel_reliability_2013152_aid0001,aid0001,2013-06-01 00:00:00+00:00,1577135,1878549,33463,693086
_1_km_monthly_pixel_reliability_2013182_aid0001,aid0001,2013-07-01 00:00:00+00:00,599376,1352899,14735,2215194
_1_km_monthly_pixel_reliability_2013213_aid0001,aid0001,2013-08-01 00:00:00+00:00,1258815,2455126,12138,456092
_1_km_monthly_pixel_reliability_2013244_aid0001,aid0001,2013-09-01 00:00:00+00:00,2148052,1963433,14650,54447
_1_km_monthly_pixel_reliability_2013274_aid0001,aid0001,2013-10-01 00:00:00+00:00,2385366,1739939,21906,29043
_1_km_monthly_pixel_reliability_2013305_aid0001,aid0001,2013-11-01 00:00:00+00:00,1947755,2082433,98316,47168
_1_km_monthly_pixel_reliability_2013335_aid0001,aid0001,2013-12-01 00:00:00+00:00,3170532,860052,78773,68154
_1_km_monthly_pixel_reliability_2014001_aid0001,aid0001,2014-01-01 00:00:00+00:00,1971727,1880064,166931,155261
_1_km_monthly_pixel_reliability_2014032_aid0001,aid0001,2014-02-01 00:00:00+00:00,3285345,620706,171575,101070
_1_km_monthly_pixel_reliability_2014060_aid0001,aid0001,2014-03-01 00:00:00+00:00,3258965,667532,182616,70879
_1_km_monthly_pixel_reliability_2014091_aid0001,aid0001,2014-04-01 00:00:00+00:00,2882807,1088452,166630,43620
_1_km_monthly_pixel_reliability_2014121_aid0001,aid0001,2014-05-01 00:00:00+00:00,3220894,821186,109361,30683
_1_km_monthly_pixel_reliability_2014152_aid0001,aid0001,2014-06-01 00:00:00+00:00,2554208,1461770,47037,119156
_1_km_monthly_pixel_reliability_2014182_aid0001,aid0001,2014-07-01 00:00:00+00:00,998012,1839824,14894,1329476
_1_km_monthly_pixel_reliability_2014213_aid0001,aid0001,2014-08-01 00:00:00+00:00,1327367,2081719,13236,759773
_1_km_monthly_pixel_reliability_2014244_aid0001,aid0001,2014-09-01 00:00:00+00:00,2326364,1785791,24991,44420
_1_km_monthly_pixel_reliability_2014274_aid0001,aid0001,2014-10-01 00:00:00+00:00,2502700,1599691,35648,41347
_1_km_monthly_pixel_reliability_2014305_aid0001,aid0001,2014-11-01 00:00:00+00:00,2438239,1606098,79753,54953
_1_km_monthly_pixel_reliability_2014335_aid0001,aid0001,2014-12-01 00:00:00+00:00,3032489,969541,85220,93133
_1_km_monthly_pixel_reliability_2015001_aid0001,aid0001,2015-01-01 00:00:00+00:00,2919098,998121,159483,101573
_1_km_monthly_pixel_reliability_2015032_aid0001,aid0001,2015-02-01 00:00:00+00:00,3106113,809254,154548,110854
_1_km_monthly_pixel_reliability_2015060_aid0001,aid0001,2015-03-01 00:00:00+00:00,3252435,671383,170381,86925
_1_km_monthly_pixel_reliability_2015091_aid0001,aid0001,2015-04-01 00:00:00+00:00,2760824,1225514,170572,25446
_1_km_monthly_pixel_reliability_2015121_aid0001,aid0001,2015-05-01 00:00:00+00:00,2642752,1370898,107714,61009
_1_km_monthly_pixel_reliability_2015152_aid0001,aid0001,2015-06-01 00:00:00+00:00,1662804,2197614,63541,258232
_1_km_monthly_pixel_reliability_2015182_aid0001,aid0001,2015-07-01 00:00:00+00:00,984076,2493793,16536,687716
_1_km_monthly_pixel_reliability_2015213_aid0001,aid0001,2015-08-01 00:00:00+00:00,1402432,2543487,15753,220060
_1_km_monthly_pixel_reliability_2015244_aid0001,aid0001,2015-09-01 00:00:00+00:00,2545166,1591607,19517,21551
_1_km_monthly_pixel_reliability_2015274_aid0001,aid0001,2015-10-01 00:00:00+00:00,2458046,1635925,61615,19972
_1_km_monthly_pixel_reliability_2015305_aid0001,aid0001,2015-11-01 00:00:00+00:00,1799203,2192382,121505,62245
_1_km_monthly_pixel_reliability_2015335_aid0001,aid0001,2015-12-01 00:00:00+00:00,2704456,1282037,126331,63518
_1_km_monthly_pixel_reliability_2016001_aid0001,aid0001,2016-01-01 00:00:00+00:00,2339734,1540009,151571,143087
_1_km_monthly_pixel_reliability_2016032_aid0001,aid0001,2016-02-01 00:00:00+00:00,2334194,1622190,148069,76535
_1_km_monthly_pixel_reliability_2016061_aid0001,aid0001,2016-03-01 00:00:00+00:00,2883057,1093077,144741,60972
_1_km_monthly_pixel_reliability_2016092_aid0001,aid0001,2016-04-01 00:00:00+00:00,3124909,871608,151898,32970
_1_km_monthly_pixel_reliability_2016122_aid0001,aid0001,2016-05-01 00:00:00+00:00,2956766,1115470,80314,29618
_1_km_monthly_pixel_reliability_2016153_aid0001,aid0001,2016-06-01 00:00:00+00:00,1741570,2073562,27125,339986
_1_km_monthly_pixel_reliability_2016183_aid0001,aid0001,2016-07-01 00:00:00+00:00,798983,1490713,12182,1880269
_1_km_monthly_pixel_reliability_2016214_aid0001,aid0001,2016-08-01 00:00:00+00:00,1218584,2390853,7432,565409
_1_km_monthly_pixel_reliability_2016245_aid0001,aid0001,2016-09-01 00:00:00+00:00,1717986,2338281,18615,106076
_1_km_monthly_pixel_reliability_2016275_aid0001,aid0001,2016-10-01 00:00:00+00:00,3235751,905045,21411,17329
_1_km_monthly_pixel_reliability_2016306_aid0001,aid0001,2016-11-01 00:00:00+00:00,2978964,1141426,23512,33239
_1_km_monthly_pixel_reliability_2016336_aid0001,aid0001,2016-12-01 00:00:00+00:00,3134970,959162,35044,49280
_1_km_monthly_pixel_reliability_2017001_aid0001,aid0001,2017-01-01 00:00:00+00:00,2503708,1425502,135960,113145
_1_km_monthly_pixel_reliability_2017032_aid0001,aid0001,2017-02-01 00:00:00+00:00,2943953,955238,182950,97596
_1_km_monthly_pixel_reliability_2017060_aid0001,aid0001,2017-03-01 00:00:00+00:00,2962952,964552,185349,68435
_1_km_monthly_pixel_reliability_2017091_aid0001,aid0001,2017-04-01 00:00:00+00:00,2996463,999688,150522,35693
_1_km_monthly_pixel_reliability_2017121_aid0001,aid0001,2017-05-01 00:00:00+00:00,2822330,1248423,83136,28621
_1_km_monthly_pixel_reliability_2017152_aid0001,aid0001,2017-06-01 00:00:00+00:00,1757285,1899486,39588,485924
_1_km_monthly_pixel_reliability_2017182_aid0001,aid0001,2017-07-01 00:00:00+00:00,665869,1719457,10558,1786349
_1_km_monthly_pixel_reliability_2017213_aid0001,aid0001,2017-08-01 00:00:00+00:00,1229971,2437813,12195,501983
_1_km_monthly_pixel_reliability_2017244_aid0001,aid0001,2017-09-01 00:00:00+00:00,1896636,2180339,17745,84159
_1_km_monthly_pixel_reliability_2017274_aid0001,aid0001,2017-10-01 00:00:00+00:00,2676088,1450932,24751,24549
_1_km_monthly_pixel_reliability_2017305_aid0001,aid0001,2017-11-01 00:00:00+00:00,2415750,1691839,26853,42485
_1_km_monthly_pixel_reliability_2017335_aid0001,aid0001,2017-12-01 00:00:00+00:00,2387608,1621367,99393,69952
_1_km_monthly_pixel_reliability_2018001_aid0001,aid0001,2018-01-01 00:00:00+00:00,2330693,1567021,134025,144719
_1_km_monthly_pixel_reliability_2018032_aid0001,aid0001,2018-02-01 00:00:00+00:00,3217851,760404,128646,72079
_1_km_monthly_pixel_reliability_2018060_aid0001,aid0001,2018-03-01 00:00:00+00:00,2931361,1060470,147972,40688
_1_km_monthly_pixel_reliability_2018091_aid0001,aid0001,2018-04-01 00:00:00+00:00,2938180,1091057,124946,27451
_1_km_monthly_pixel_reliability_2018121_aid0001,aid0001,2018-05-01 00:00:00+00:00,2115558,1943027,73564,50078
_1_km_monthly_pixel_reliability_2018152_aid0001,aid0001,2018-06-01 00:00:00+00:00,1651087,2108270,28437,394426
_1_km_monthly_pixel_reliability_2018182_aid0001,aid0001,2018-07-01 00:00:00+00:00,488539,1780357,10800,1902593
_1_km_monthly_pixel_reliability_2018213_aid0001,aid0001,2018-08-01 00:00:00+00:00,935964,2406849,11105,828205
_1_km_monthly_pixel_reliability_2018244_aid0001,aid0001,2018-09-01 00:00:00+00:00,2362865,1750654,17924,50316
_1_km_monthly_pixel_reliability_2018274_aid0001,aid0001,2018-10-01 00:00:00+00:00,3032861,1022514,79562,44873
_1_km_monthly_pixel_reliability_2018305_aid0001,aid0001,2018-11-01 00:00:00+00:00,2754526,1203413,164659,56055
_1_km_monthly_pixel_reliability_2018335_aid0001,aid0001,2018-12-01 00:00:00+00:00,1772896,2189865,145218,72989
_1_km_monthly_pixel_reliability_2019001_aid0001,aid0001,2019-01-01 00:00:00+00:00,2752999,1111960,197437,114032
_1_km_monthly_pixel_reliability_2019032_aid0001,aid0001,2019-02-01 00:00:00+00:00,2788826,1069872,199474,122616
_1_km_monthly_pixel_reliability_2019060_aid0001,aid0001,2019-03-01 00:00:00+00:00,3107099,806971,195494,72048
_1_km_monthly_pixel_reliability_2019091_aid0001,aid0001,2019-04-01 00:00:00+00:00,3209949,791768,155122,25401
_1_km_monthly_pixel_reliability_2019121_aid0001,aid0001,2019-05-01 00:00:00+00:00,2878091,1163221,102686,38413
_1_km_monthly_pixel_reliability_2019152_aid0001,aid0001,2019-06-01 00:00:00+00:00,2222915,1719568,64437,175208
_1_km_monthly_pixel_reliability_2019182_aid0001,aid0001,2019-07-01 00:00:00+00:00,753263,2307012,21747,1100011
_1_km_monthly_pixel_reliability_2019213_aid0001,aid0001,2019-08-01 00:00:00+00:00,850828,2080759,11580,1238811
_1_km_monthly_pixel_reliability_2019244_aid0001,aid0001,2019-09-01 00:00:00+00:00,1414771,2544768,17316,202321
_1_km_monthly_pixel_reliability_2019274_aid0001,aid0001,2019-10-01 00:00:00+00:00,1557404,2483151,48106,88983
_1_km_monthly_pixel_reliability_2019305_aid0001,aid0001,2019-11-01 00:00:00+00:00,1865647,2108444,142685,60861
_1_km_monthly_pixel_reliability_2019335_aid0001,aid0001,2019-12-01 00:00:00+00:00,1849309,2002881,178597,147011
_1_km_monthly_pixel_reliability_2020001_aid0001,aid0001,2020-01-01 00:00:00+00:00,2151305,1677908,217132,129029
_1_km_monthly_pixel_reliability_2020032_aid0001,aid0001,2020-02-01 00:00:00+00:00,2497826,1400366,213029,67601
_1_km_monthly_pixel_reliability_2020061_aid0001,aid0001,2020-03-01 00:00:00+00:00,2948415,984091,193695,53800
_1_km_monthly_pixel_reliability_2020092_aid0001,aid0001,2020-04-01 00:00:00+00:00,2658367,1321862,159457,42142
_1_km_monthly_pixel_reliability_2020122_aid0001,aid0001,2020-05-01 00:00:00+00:00,2817906,1212366,100118,51938
_1_km_monthly_pixel_reliability_2020153_aid0001,aid0001,2020-06-01 00:00:00+00:00,1535049,2162185,39446,445525
_1_km_monthly_pixel_reliability_2020183_aid0001,aid0001,2020-07-01 00:00:00+00:00,862523,1954307,18705,1346518
_1_km_monthly_pixel_reliability_2020214_aid0001,aid0001,2020-08-01 00:00:00+00:00,1033278,2527342,13940,607224
_1_km_monthly_pixel_reliability_2020245_aid0001,aid0001,2020-09-01 00:00:00+00:00,1445453,2581195,15311,135755
_1_km_monthly_pixel_reliability_2020275_aid0001,aid0001,2020-10-01 00:00:00+00:00,2123522,2012268,21533,19900
_1_km_monthly_pixel_reliability_2020306_aid0001,aid0001,2020-11-01 00:00:00+00:00,2561941,1525128,48955,39950
_1_km_monthly_pixel_reliability_2020336_aid0001,aid0001,2020-12-01 00:00:00+00:00,2553637,1380852,152574,89631
_1_km_monthly_pixel_reliability_2021001_aid0001,aid0001,2021-01-01 00:00:00+00:00,2235500,1669363,172508,98633
_1_km_monthly_pixel_reliability_2021032_aid0001,aid0001,2021-02-01 00:00:00+00:00,2615972,1347115,153305,61629
_1_km_monthly_pixel_reliability_2021060_aid0001,aid0001,2021-03-01 00:00:00+00:00,2439726,1547461,140581,51959
_1_km_monthly_pixel_reliability_2021091_aid0001,aid0001,2021-04-01 00:00:00+00:00,2242220,1751440,148363,39396
_1_km_monthly_pixel_reliability_2021121_aid0001,aid0001,2021-05-01 00:00:00+00:00,2392382,1642440,88514,58583
_1_km_monthly_pixel_reliability_2021152_aid0001,aid0001,2021-06-01 00:00:00+00:00,1390928,2324055,41876,425180
_1_km_monthly_pixel_reliability_2021182_aid0001,aid0001,2021-07-01 00:00:00+00:00,774928,2209362,11698,1186375
_1_km_monthly_pixel_reliability_2021213_aid0001,aid0001,2021-08-01 00:00:00+00:00,1087444,2056989,12483,1025271
_1_km_monthly_pixel_reliability_2021244_aid0001,aid0001,2021-09-01 00:00:00+00:00,1774914,2217659,15662,173143
_1_km_monthly_pixel_reliability_2021274_aid0001,aid0001,2021-10-01 00:00:00+00:00,2522763,1565898,30958,58092
_1_km_monthly_pixel_reliability_2021305_aid0001,aid0001,2021-11-01 00:00:00+00:00,1716316,2212195,118019,131282
_1_km_monthly_pixel_reliability_2021335_aid0001,aid0001,2021-12-01 00:00:00+00:00,1628832,2359280,110354,81472
_1_km_monthly_pixel_reliability_2022001_aid0001,aid0001,2022-01-01 00:00:00+00:00,1608992,2192454,203645,172702
_1_km_monthly_pixel_reliability_2022032_aid0001,aid0001,2022-02-01 00:00:00+00:00,2591705,1279411,209537,98577
_1_km_monthly_pixel_reliability_2022060_aid0001,aid0001,2022-03-01 00:00:00+00:00,2884570,1109656,151770,35446
_1_km_monthly_pixel_reliability_2022091_aid0001,aid0001,2022-04-01 00:00:00+00:00,2085233,1976496,92119,28350
_1_km_monthly_pixel_reliability_2022121_aid0001,aid0001,2022-05-01 00:00:00+00:00,2112409,1972361,42305,55282
_1_km_monthly_pixel_reliability_2022152_aid0001,aid0001,2022-06-01 00:00:00+00:00,1718745,2006481,24068,432872
_1_km_monthly_pixel_reliability_2022182_aid0001,aid0001,2022-07-01 00:00:00+00:00,875079,1771656,7891,1527524
_1_km_monthly_pixel_reliability_2022213_aid0001,aid0001,2022-08-01 00:00:00+00:00,1206806,2505197,7664,462398
_1_km_monthly_pixel_reliability_2022244_aid0001,aid0001,2022-09-01 00:00:00+00:00,1728570,2279589,15427,155100
_1_km_monthly_pixel_reliability_2022274_aid0001,aid0001,2022-10-01 00:00:00+00:00,2255084,1830395,32809,57240
_1_km_monthly_pixel_reliability_2022305_aid0001,aid0001,2022-11-01 00:00:00+00:00,2340091,1645809,133597,56501
_1_km_monthly_pixel_reliability_2022335_aid0001,aid0001,2022-12-01 00:00:00+00:00,2835541,1134469,106743,100844
_1_km_monthly_pixel_reliability_2023001_aid0001,aid0001,2023-01-01 00:00:00+00:00,2845337,1057275,152624,121388
_1_km_monthly_pixel_reliability_2023032_aid0001,aid0001,2023-02-01 00:00:00+00:00,3224381,695622,163355,95598
_1_km_monthly_pixel_reliability_2023060_aid0001,aid0001,2023-03-01 00:00:00+00:00,2469722,1499701,148340,62476
_1_km_monthly_pixel_reliability_2023091_aid0001,aid0001,2023-04-01 00:00:00+00:00,2732061,1258607,133925,56801
_1_km_monthly_pixel_reliability_2023121_aid0001,aid0001,2023-05-01 00:00:00+00:00,2865572,1172849,111854,31722
_1_km_monthly_pixel_reliability_2023152_aid0001,aid0001,2023-06-01 00:00:00+00:00,2477451,1375696,46412,282753
_1_km_monthly_pixel_reliability_2023182_aid0001,aid0001,2023-07-01 00:00:00+00:00,812188,1780428,15979,1573554
_1_km_monthly_pixel_reliability_2023213_aid0001,aid0001,2023-08-01 00:00:00+00:00,1127114,2733768,12793,308194
_1_km_monthly_pixel_reliability_2023244_aid0001,aid0001,2023-09-01 00:00:00+00:00,1586826,2535872,16628,40373
_1_km_monthly_pixel_reliability_2023274_aid0001,aid0001,2023-10-01 00:00:00+00:00,2449293,1653571,47916,25487
_1_km_monthly_pixel_reliability_2023305_aid0001,aid0001,2023-11-01 00:00:00+00:00,1511855,2499992,64249,101736
_1_km_monthly_pixel_reliability_2023335_aid0001,aid0001,2023-12-01 00:00:00+00:00,1642315,2383953,64575,88224
_1_km_monthly_pixel_reliability_2024001_aid0001,aid0001,2024-01-01 00:00:00+00:00,1792229,1897745,62063,426362
_1_km_monthly_pixel_reliability_2024032_aid0001,aid0001,2024-02-01 00:00:00+00:00,2442721,1561784,86323,88961
_1_km_monthly_pixel_reliability_2024061_aid0001,aid0001,2024-03-01 00:00:00+00:00,2695945,1242030,162376,79660
_1_km_monthly_pixel_reliability_2024092_aid0001,aid0001,2024-04-01 00:00:00+00:00,2513023,1477853,150389,40020
_1_km_monthly_pixel_reliability_2024122_aid0001,aid0001,2024-05-01 00:00:00+00:00,2097787,1952939,83084,48245
_1_km_monthly_pixel_reliability_2024153_aid0001,aid0001,2024-06-01 00:00:00+00:00,1618920,2150637,30312,382086
_1_km_monthly_pixel_reliability_2024183_aid0001,aid0001,2024-07-01 00:00:00+00:00,673075,1425335,9836,2073751
_1_km_monthly_pixel_reliability_2024214_aid0001,aid0001,2024-08-01 00:00:00+00:00,911152,2245057,10058,1015850
_1_km_monthly_pixel_reliability_2024245_aid0001,aid0001,2024-09-01 00:00:00+00:00,1553226,2540472,13002,74401
_1_km_monthly_pixel_reliability_2024275_aid0001,aid0001,2024-10-01 00:00:00+00:00,1849529,2289132,18025,22262
_1_km_monthly_pixel_reliability_2024306_aid0001,aid0001,2024-11-01 00:00:00+00:00,1585243,2481803,49464,61367
_1_km_monthly_pixel_reliability_2024336_aid0001,aid0001,2024-12-01 00:00:00+00:00,2628836,1373929,80679,96257
_1_km_monthly_pixel_reliability_2025001_aid0001,aid0001,2025-01-01 00:00:00+00:00,1947797,1946303,157442,125110
_1_km_monthly_pixel_reliability_2025032_aid0001,aid0001,2025-02-01 00:00:00+00:00,3078024,857091,144715,99705
_1_km_monthly_pixel_reliability_2025060_aid0001,aid0001,2025-03-01 00:00:00+00:00,2785770,1151527,179678,63274
_1_km_monthly_pixel_reliability_2025091_aid0001,aid0001,2025-04-01 00:00:00+00:00,2078450,1941106,135606,27042
_1_km_monthly_pixel_reliability_2025121_aid0001,aid0001,2025-05-01 00:00:00+00:00,2100766,1974862,63125,43459
_1_km_monthly_pixel_reliability_2025152_aid0001,aid0001,2025-06-01 00:00:00+00:00,1329163,2449536,22115,381179
_1_km_monthly_pixel_reliability_2025182_aid0001,aid0001,2025-07-01 00:00:00+00:00,791160,2085393,8831,1296872
_1_km_monthly_pixel_reliability_2025213_aid0001,aid0001,2025-08-01 00:00:00+00:00,1106660,2518103,8428,549105
_1_km_monthly_pixel_reliability_2025244_aid0001,aid0001,2025-09-01 00:00:00+00:00,2050854,2054391,16023,59966
_1_km_monthly_pixel_reliability_2025274_aid0001,aid0001,2025-10-01 00:00:00+00:00,1829755,2283456,38580,26223
_1_km_monthly_pixel_reliability_2025305_aid0001,aid0001,2025-11-01 00:00:00+00:00,2065014,2003896,32529,74317
_1_km_monthly_pixel_reliability_2025335_aid0001,aid0001,2025-12-01 00:00:00+00:00,2184124,1825157,33305,134597
