File Name,Dataset,aid,Date,Count,Minimum,Maximum,Range,Mean,Standard Deviation,Variance,Upper Quartile,Upper 1.5 IQR,Median,Lower 1.5 IQR,Lower Quartile
MOD13A3_061__1_km_monthly_NDVI_doy2000061000000_aid0001,_1_km_monthly_NDVI,aid0001,2000-03-01,4180931.0,-0.2,1.0,"(-0.2,1.0)",0.3467034,0.1877093,0.0352348,0.4642,0.8075,0.3329,-0.108,0.2353
MOD13A3_061__1_km_monthly_NDVI_doy2000092000000_aid0001,_1_km_monthly_NDVI,aid0001,2000-04-01,4182480.0,-0.1998,1.0,"(-0.1998,1.0)",0.315198,0.1794084,0.0321874,0.414,0.7209,0.2826,-0.0975,0.2094
MOD13A3_061__1_km_monthly_NDVI_doy2000122000000_aid0001,_1_km_monthly_NDVI,aid0001,2000-05-01,4182364.0,-0.2,1.0,"(-0.2,1.0)",0.3137629,0.1903401,0.0362294,0.4055,0.7214,0.2663,-0.121,0.1949
MOD13A3_061__1_km_monthly_NDVI_doy2000153000000_aid0001,_1_km_monthly_NDVI,aid0001,2000-06-01,4182232.0,-0.1999,1.0,"(-0.1999,1.0)",0.3773866,0.2148562,0.0461632,0.5182,0.968,0.3507,-0.1999,0.2181
MOD13A3_061__1_km_monthly_NDVI_doy2000183000000_aid0001,_1_km_monthly_NDVI,aid0001,2000-07-01,4182306.0,-0.2,1.0,"(-0.2,1.0)",0.4528185,0.2178515,0.0474593,0.6085,1.0,0.4563,-0.1397,0.3092
MOD13A3_061__1_km_monthly_NDVI_doy2000214000000_aid0001,_1_km_monthly_NDVI,aid0001,2000-08-01,4182441.0,-0.2,1.0,"(-0.2,1.0)",0.5257822,0.2191028,0.0480061,0.6884,1.0,0.562,-0.0241,0.4034
MOD13A3_061__1_km_monthly_NDVI_doy2000245000000_aid0001,_1_km_monthly_NDVI,aid0001,2000-09-01,4181676.0,-0.2,1.0,"(-0.2,1.0)",0.5447267,0.2165179,0.04688,0.6994,1.0,0.5843,0.0399,0.4356
MOD13A3_061__1_km_monthly_NDVI_doy2000275000000_aid0001,_1_km_monthly_NDVI,aid0001,2000-10-01,4180626.0,-0.2,1.0,"(-0.2,1.0)",0.5052846,0.2236453,0.0500172,0.6694,1.0,0.5335,-0.1031,0.3604
MOD13A3_061__1_km_monthly_NDVI_doy2000306000000_aid0001,_1_km_monthly_NDVI,aid0001,2000-11-01,4179767.0,-0.2,1.0,"(-0.2,1.0)",0.4293167,0.2165614,0.0468988,0.5703,1.0,0.418,-0.1532,0.2809
MOD13A3_061__1_km_monthly_NDVI_doy2000336000000_aid0001,_1_km_monthly_NDVI,aid0001,2000-12-01,4180134.0,-0.2,1.0,"(-0.2,1.0)",0.3966009,0.2066864,0.0427193,0.5136,0.8676,0.3763,-0.0764,0.2776
MOD13A3_061__1_km_monthly_NDVI_doy2001001000000_aid0001,_1_km_monthly_NDVI,aid0001,2001-01-01,4178841.0,-0.2,1.0,"(-0.2,1.0)",0.3966511,0.2037367,0.0415086,0.5272,0.9014,0.389,-0.0965,0.2777
MOD13A3_061__1_km_monthly_NDVI_doy2001032000000_aid0001,_1_km_monthly_NDVI,aid0001,2001-02-01,4180974.0,-0.1998,1.0,"(-0.1998,1.0)",0.3688949,0.1960076,0.038419,0.4988,0.8738,0.3465,-0.1262,0.2488
MOD13A3_061__1_km_monthly_NDVI_doy2001060000000_aid0001,_1_km_monthly_NDVI,aid0001,2001-03-01,4181702.0,-0.2,0.9973,"(-0.2,0.9973)",0.3363764,0.185617,0.0344537,0.4433,0.7694,0.3107,-0.1002,0.2259
MOD13A3_061__1_km_monthly_NDVI_doy2001091000000_aid0001,_1_km_monthly_NDVI,aid0001,2001-04-01,4182316.0,-0.2,1.0,"(-0.2,1.0)",0.3138126,0.1814994,0.032942,0.4109,0.719,0.2794,-0.1026,0.2055
MOD13A3_061__1_km_monthly_NDVI_doy2001121000000_aid0001,_1_km_monthly_NDVI,aid0001,2001-05-01,4182401.0,-0.2,1.0,"(-0.2,1.0)",0.3056502,0.1912505,0.0365768,0.3966,0.7126,0.2528,-0.1301,0.1859
MOD13A3_061__1_km_monthly_NDVI_doy2001152000000_aid0001,_1_km_monthly_NDVI,aid0001,2001-06-01,4180414.0,-0.2,1.0,"(-0.2,1.0)",0.3154904,0.194332,0.0377649,0.4133,0.7464,0.2659,-0.1419,0.1912
MOD13A3_061__1_km_monthly_NDVI_doy2001182000000_aid0001,_1_km_monthly_NDVI,aid0001,2001-07-01,4181820.0,-0.2,1.0,"(-0.2,1.0)",0.4623702,0.2328057,0.0541985,0.6421,1.0,0.4716,-0.2,0.2799
MOD13A3_061__1_km_monthly_NDVI_doy2001213000000_aid0001,_1_km_monthly_NDVI,aid0001,2001-08-01,4182012.0,-0.2,1.0,"(-0.2,1.0)",0.5479846,0.2176257,0.0473609,0.7088,1.0,0.5924,-0.0102,0.4212
MOD13A3_061__1_km_monthly_NDVI_doy2001244000000_aid0001,_1_km_monthly_NDVI,aid0001,2001-09-01,4181844.0,-0.2,1.0,"(-0.2,1.0)",0.5371308,0.2182098,0.0476155,0.6987,1.0,0.5801,-0.0353,0.4051
MOD13A3_061__1_km_monthly_NDVI_doy2001274000000_aid0001,_1_km_monthly_NDVI,aid0001,2001-10-01,4179777.0,-0.2,1.0,"(-0.2,1.0)",0.5104458,0.2280619,0.0520122,0.6845,1.0,0.5395,-0.1372,0.3558
MOD13A3_061__1_km_monthly_NDVI_doy2001305000000_aid0001,_1_km_monthly_NDVI,aid0001,2001-11-01,4177830.0,-0.2,1.0,"(-0.2,1.0)",0.4509855,0.2265526,0.0513261,0.6096,1.0,0.4524,-0.1639,0.3002
MOD13A3_061__1_km_monthly_NDVI_doy2001335000000_aid0001,_1_km_monthly_NDVI,aid0001,2001-12-01,4180266.0,-0.2,1.0,"(-0.2,1.0)",0.4211911,0.2083917,0.0434271,0.5452,0.9061,0.4097,-0.0563,0.3046
MOD13A3_061__1_km_monthly_NDVI_doy2002001000000_aid0001,_1_km_monthly_NDVI,aid0001,2002-01-01,4177919.0,-0.2,1.0,"(-0.2,1.0)",0.4166147,0.2092388,0.0437809,0.5541,0.9393,0.4163,-0.0879,0.2973
MOD13A3_061__1_km_monthly_NDVI_doy2002032000000_aid0001,_1_km_monthly_NDVI,aid0001,2002-02-01,4179403.0,-0.2,1.0,"(-0.2,1.0)",0.4005412,0.2108454,0.0444558,0.5559,0.9822,0.3872,-0.1566,0.2709
MOD13A3_061__1_km_monthly_NDVI_doy2002060000000_aid0001,_1_km_monthly_NDVI,aid0001,2002-03-01,4181115.0,-0.2,1.0,"(-0.2,1.0)",0.368471,0.2011187,0.0404487,0.5048,0.8933,0.3449,-0.1425,0.2458
MOD13A3_061__1_km_monthly_NDVI_doy2002091000000_aid0001,_1_km_monthly_NDVI,aid0001,2002-04-01,4182338.0,-0.2,1.0,"(-0.2,1.0)",0.3152767,0.1832255,0.0335716,0.4106,0.713,0.2824,-0.0933,0.209
MOD13A3_061__1_km_monthly_NDVI_doy2002121000000_aid0001,_1_km_monthly_NDVI,aid0001,2002-05-01,4182425.0,-0.2,0.9968,"(-0.2,0.9968)",0.3038691,0.1932484,0.0373449,0.3824,0.6777,0.2531,-0.1098,0.1855
MOD13A3_061__1_km_monthly_NDVI_doy2002152000000_aid0001,_1_km_monthly_NDVI,aid0001,2002-06-01,4182224.0,-0.2,0.9978,"(-0.2,0.9978)",0.3487626,0.2079974,0.0432629,0.4694,0.8696,0.3035,-0.1976,0.2026
MOD13A3_061__1_km_monthly_NDVI_doy2002182000000_aid0001,_1_km_monthly_NDVI,aid0001,2002-07-01,4182172.0,-0.2,1.0,"(-0.2,1.0)",0.4011163,0.2142089,0.0458855,0.5507,1.0,0.3807,-0.2,0.2453
MOD13A3_061__1_km_monthly_NDVI_doy2002213000000_aid0001,_1_km_monthly_NDVI,aid0001,2002-08-01,4182027.0,-0.2,1.0,"(-0.2,1.0)",0.5138147,0.234922,0.0551883,0.6964,1.0,0.555,-0.1558,0.3555
MOD13A3_061__1_km_monthly_NDVI_doy2002244000000_aid0001,_1_km_monthly_NDVI,aid0001,2002-09-01,4181483.0,-0.2,1.0,"(-0.2,1.0)",0.5316092,0.2332646,0.0544124,0.7076,1.0,0.5843,-0.0989,0.385
MOD13A3_061__1_km_monthly_NDVI_doy2002274000000_aid0001,_1_km_monthly_NDVI,aid0001,2002-10-01,4179731.0,-0.2,1.0,"(-0.2,1.0)",0.486664,0.2327815,0.0541872,0.6643,1.0,0.5067,-0.1694,0.3308
MOD13A3_061__1_km_monthly_NDVI_doy2002305000000_aid0001,_1_km_monthly_NDVI,aid0001,2002-11-01,4179447.0,-0.2,1.0,"(-0.2,1.0)",0.4428768,0.223877,0.0501209,0.5928,1.0,0.4466,-0.1661,0.2892
MOD13A3_061__1_km_monthly_NDVI_doy2002335000000_aid0001,_1_km_monthly_NDVI,aid0001,2002-12-01,4180651.0,-0.2,1.0,"(-0.2,1.0)",0.4127937,0.2072752,0.042963,0.5354,0.9038,0.4032,-0.0786,0.2898
MOD13A3_061__1_km_monthly_NDVI_doy2003001000000_aid0001,_1_km_monthly_NDVI,aid0001,2003-01-01,4180050.0,-0.2,1.0,"(-0.2,1.0)",0.3998539,0.2053786,0.0421804,0.5304,0.9082,0.394,-0.0993,0.2785
MOD13A3_061__1_km_monthly_NDVI_doy2003032000000_aid0001,_1_km_monthly_NDVI,aid0001,2003-02-01,4160778.0,-0.2,1.0,"(-0.2,1.0)",0.3730746,0.2111042,0.044565,0.524,0.9467,0.3468,-0.1825,0.2414
MOD13A3_061__1_km_monthly_NDVI_doy2003060000000_aid0001,_1_km_monthly_NDVI,aid0001,2003-03-01,4181724.0,-0.2,1.0,"(-0.2,1.0)",0.3452918,0.195514,0.0382257,0.4766,0.8528,0.3207,-0.1504,0.2258
MOD13A3_061__1_km_monthly_NDVI_doy2003091000000_aid0001,_1_km_monthly_NDVI,aid0001,2003-04-01,4182307.0,-0.2,0.9973,"(-0.2,0.9973)",0.3130129,0.1832806,0.0335918,0.4082,0.71,0.2813,-0.0948,0.207
MOD13A3_061__1_km_monthly_NDVI_doy2003121000000_aid0001,_1_km_monthly_NDVI,aid0001,2003-05-01,4182366.0,-0.2,0.9935,"(-0.2,0.9935)",0.2859661,0.1828276,0.0334259,0.3527,0.611,0.2382,-0.0778,0.1805
MOD13A3_061__1_km_monthly_NDVI_doy2003152000000_aid0001,_1_km_monthly_NDVI,aid0001,2003-06-01,4182202.0,-0.2,1.0,"(-0.2,1.0)",0.3291888,0.2023785,0.0409571,0.4454,0.8357,0.2808,-0.2,0.1852
MOD13A3_061__1_km_monthly_NDVI_doy2003182000000_aid0001,_1_km_monthly_NDVI,aid0001,2003-07-01,4182196.0,-0.2,0.9976,"(-0.2,0.9976)",0.4858876,0.2231281,0.0497862,0.6524,0.9976,0.5061,-0.1476,0.3324
MOD13A3_061__1_km_monthly_NDVI_doy2003213000000_aid0001,_1_km_monthly_NDVI,aid0001,2003-08-01,4181696.0,-0.2,1.0,"(-0.2,1.0)",0.5448347,0.2220158,0.049291,0.7149,1.0,0.5889,-0.0438,0.4114
MOD13A3_061__1_km_monthly_NDVI_doy2003244000000_aid0001,_1_km_monthly_NDVI,aid0001,2003-09-01,4180017.0,-0.2,1.0,"(-0.2,1.0)",0.5736122,0.2231735,0.0498064,0.7433,1.0,0.627,-0.0039,0.4444
MOD13A3_061__1_km_monthly_NDVI_doy2003274000000_aid0001,_1_km_monthly_NDVI,aid0001,2003-10-01,4174657.0,-0.2,1.0,"(-0.2,1.0)",0.5344965,0.226719,0.0514015,0.7071,1.0,0.5729,-0.0859,0.3899
MOD13A3_061__1_km_monthly_NDVI_doy2003305000000_aid0001,_1_km_monthly_NDVI,aid0001,2003-11-01,4174801.0,-0.2,1.0,"(-0.2,1.0)",0.4652708,0.2198669,0.0483414,0.6184,1.0,0.4679,-0.1311,0.3186
MOD13A3_061__1_km_monthly_NDVI_doy2003335000000_aid0001,_1_km_monthly_NDVI,aid0001,2003-12-01,4177205.0,-0.2,1.0,"(-0.2,1.0)",0.4342322,0.2081797,0.0433388,0.5625,0.9321,0.4249,-0.0535,0.3161
MOD13A3_061__1_km_monthly_NDVI_doy2004001000000_aid0001,_1_km_monthly_NDVI,aid0001,2004-01-01,4173555.0,-0.2,1.0,"(-0.2,1.0)",0.4258906,0.2125357,0.0451714,0.5744,0.9823,0.4277,-0.1103,0.3005
MOD13A3_061__1_km_monthly_NDVI_doy2004032000000_aid0001,_1_km_monthly_NDVI,aid0001,2004-02-01,4176250.0,-0.2,1.0,"(-0.2,1.0)",0.4142312,0.2143503,0.045946,0.5803,1.0,0.4074,-0.1839,0.2746
MOD13A3_061__1_km_monthly_NDVI_doy2004061000000_aid0001,_1_km_monthly_NDVI,aid0001,2004-03-01,4179062.0,-0.2,1.0,"(-0.2,1.0)",0.3628332,0.192444,0.0370347,0.4933,0.8753,0.3416,-0.1434,0.2386
MOD13A3_061__1_km_monthly_NDVI_doy2004092000000_aid0001,_1_km_monthly_NDVI,aid0001,2004-04-01,4181024.0,-0.2,1.0,"(-0.2,1.0)",0.3139334,0.1788952,0.0320035,0.4016,0.6915,0.2808,-0.0816,0.2083
MOD13A3_061__1_km_monthly_NDVI_doy2004122000000_aid0001,_1_km_monthly_NDVI,aid0001,2004-05-01,4182191.0,-0.2,1.0,"(-0.2,1.0)",0.3184817,0.1906226,0.036337,0.4186,0.7502,0.2708,-0.1341,0.1975
MOD13A3_061__1_km_monthly_NDVI_doy2004153000000_aid0001,_1_km_monthly_NDVI,aid0001,2004-06-01,4182257.0,-0.2,1.0,"(-0.2,1.0)",0.3587145,0.2038334,0.0415481,0.4876,0.8921,0.3168,-0.1866,0.2179
MOD13A3_061__1_km_monthly_NDVI_doy2004183000000_aid0001,_1_km_monthly_NDVI,aid0001,2004-07-01,4182214.0,-0.2,1.0,"(-0.2,1.0)",0.4362028,0.2208473,0.0487735,0.6002,1.0,0.431,-0.2,0.28
MOD13A3_061__1_km_monthly_NDVI_doy2004214000000_aid0001,_1_km_monthly_NDVI,aid0001,2004-08-01,4182182.0,-0.2,1.0,"(-0.2,1.0)",0.5410629,0.2249219,0.0505899,0.7094,1.0,0.5886,-0.0256,0.4154
MOD13A3_061__1_km_monthly_NDVI_doy2004245000000_aid0001,_1_km_monthly_NDVI,aid0001,2004-09-01,4180982.0,-0.2,1.0,"(-0.2,1.0)",0.5488135,0.2231035,0.0497752,0.7118,1.0,0.5952,0.0076,0.4301
MOD13A3_061__1_km_monthly_NDVI_doy2004275000000_aid0001,_1_km_monthly_NDVI,aid0001,2004-10-01,4180627.0,-0.2,1.0,"(-0.2,1.0)",0.5256067,0.229542,0.0526895,0.6946,1.0,0.5618,-0.0479,0.3976
MOD13A3_061__1_km_monthly_NDVI_doy2004306000000_aid0001,_1_km_monthly_NDVI,aid0001,2004-11-01,4179141.0,-0.2,1.0,"(-0.2,1.0)",0.454199,0.2199376,0.0483725,0.6044,1.0,0.4536,-0.1038,0.3211
MOD13A3_061__1_km_monthly_NDVI_doy2004336000000_aid0001,_1_km_monthly_NDVI,aid0001,2004-12-01,4180459.0,-0.2,1.0,"(-0.2,1.0)",0.4250081,0.2048225,0.0419522,0.5515,0.9047,0.4151,-0.0372,0.316
MOD13A3_061__1_km_monthly_NDVI_doy2005001000000_aid0001,_1_km_monthly_NDVI,aid0001,2005-01-01,4176104.0,-0.2,1.0,"(-0.2,1.0)",0.4126874,0.2109071,0.0444818,0.5542,0.9391,0.4144,-0.088,0.2973
MOD13A3_061__1_km_monthly_NDVI_doy2005032000000_aid0001,_1_km_monthly_NDVI,aid0001,2005-02-01,4181138.0,-0.2,1.0,"(-0.2,1.0)",0.3992053,0.2116135,0.0447803,0.5555,0.9823,0.3917,-0.1567,0.2706
MOD13A3_061__1_km_monthly_NDVI_doy2005060000000_aid0001,_1_km_monthly_NDVI,aid0001,2005-03-01,4180883.0,-0.2,0.9943,"(-0.2,0.9943)",0.3641034,0.1987978,0.0395206,0.494,0.8718,0.3505,-0.1357,0.2421
MOD13A3_061__1_km_monthly_NDVI_doy2005091000000_aid0001,_1_km_monthly_NDVI,aid0001,2005-04-01,4182276.0,-0.2,1.0,"(-0.2,1.0)",0.3168017,0.1843399,0.0339812,0.4177,0.7315,0.283,-0.1053,0.2085
MOD13A3_061__1_km_monthly_NDVI_doy2005121000000_aid0001,_1_km_monthly_NDVI,aid0001,2005-05-01,4182483.0,-0.2,1.0,"(-0.2,1.0)",0.3083224,0.1942592,0.0377366,0.4025,0.7179,0.2573,-0.1232,0.1922
MOD13A3_061__1_km_monthly_NDVI_doy2005152000000_aid0001,_1_km_monthly_NDVI,aid0001,2005-06-01,4182437.0,-0.2,0.9958,"(-0.2,0.9958)",0.3396054,0.2056174,0.0422785,0.4562,0.8388,0.2921,-0.1815,0.2011
MOD13A3_061__1_km_monthly_NDVI_doy2005182000000_aid0001,_1_km_monthly_NDVI,aid0001,2005-07-01,4182148.0,-0.2,1.0,"(-0.2,1.0)",0.4452515,0.2219128,0.0492453,0.6045,1.0,0.4502,-0.1694,0.2949
MOD13A3_061__1_km_monthly_NDVI_doy2005213000000_aid0001,_1_km_monthly_NDVI,aid0001,2005-08-01,4181848.0,-0.2,1.0,"(-0.2,1.0)",0.5448454,0.2247337,0.0505052,0.7151,1.0,0.5862,-0.0294,0.4173
MOD13A3_061__1_km_monthly_NDVI_doy2005244000000_aid0001,_1_km_monthly_NDVI,aid0001,2005-09-01,4181086.0,-0.2,1.0,"(-0.2,1.0)",0.5695065,0.2243489,0.0503324,0.7329,1.0,0.6244,0.0419,0.4565
MOD13A3_061__1_km_monthly_NDVI_doy2005274000000_aid0001,_1_km_monthly_NDVI,aid0001,2005-10-01,4178721.0,-0.2,1.0,"(-0.2,1.0)",0.5397415,0.2254453,0.0508256,0.705,1.0,0.5818,-0.0152,0.4169
MOD13A3_061__1_km_monthly_NDVI_doy2005305000000_aid0001,_1_km_monthly_NDVI,aid0001,2005-11-01,4177894.0,-0.2,1.0,"(-0.2,1.0)",0.4702294,0.2237626,0.0500697,0.6246,1.0,0.4801,-0.1209,0.3264
MOD13A3_061__1_km_monthly_NDVI_doy2005335000000_aid0001,_1_km_monthly_NDVI,aid0001,2005-12-01,4179279.0,-0.2,1.0,"(-0.2,1.0)",0.4351856,0.2090001,0.043681,0.5627,0.9273,0.4261,-0.045,0.3196
MOD13A3_061__1_km_monthly_NDVI_doy2006001000000_aid0001,_1_km_monthly_NDVI,aid0001,2006-01-01,4178158.0,-0.2,1.0,"(-0.2,1.0)",0.417878,0.2073858,0.0430089,0.5501,0.911,0.4235,-0.0514,0.3095
MOD13A3_061__1_km_monthly_NDVI_doy2006032000000_aid0001,_1_km_monthly_NDVI,aid0001,2006-02-01,4180020.0,-0.2,1.0,"(-0.2,1.0)",0.3923119,0.2000752,0.0400301,0.5275,0.9017,0.3844,-0.0962,0.278
MOD13A3_061__1_km_monthly_NDVI_doy2006060000000_aid0001,_1_km_monthly_NDVI,aid0001,2006-03-01,4181182.0,-0.2,1.0,"(-0.2,1.0)",0.3635007,0.19085,0.0364237,0.4836,0.8287,0.3535,-0.0916,0.2535
MOD13A3_061__1_km_monthly_NDVI_doy2006091000000_aid0001,_1_km_monthly_NDVI,aid0001,2006-04-01,4182382.0,-0.2,1.0,"(-0.2,1.0)",0.3259265,0.1829517,0.0334713,0.4348,0.7595,0.2991,-0.1064,0.2183
MOD13A3_061__1_km_monthly_NDVI_doy2006121000000_aid0001,_1_km_monthly_NDVI,aid0001,2006-05-01,4182386.0,-0.2,1.0,"(-0.2,1.0)",0.3281091,0.1976564,0.039068,0.4403,0.806,0.2832,-0.1692,0.1965
MOD13A3_061__1_km_monthly_NDVI_doy2006152000000_aid0001,_1_km_monthly_NDVI,aid0001,2006-06-01,4182329.0,-0.2,1.0,"(-0.2,1.0)",0.3758939,0.213227,0.0454657,0.5157,0.9571,0.3404,-0.2,0.2213
MOD13A3_061__1_km_monthly_NDVI_doy2006182000000_aid0001,_1_km_monthly_NDVI,aid0001,2006-07-01,4182308.0,-0.2,1.0,"(-0.2,1.0)",0.4507217,0.2328909,0.0542382,0.6256,1.0,0.4565,-0.2,0.2772
MOD13A3_061__1_km_monthly_NDVI_doy2006213000000_aid0001,_1_km_monthly_NDVI,aid0001,2006-08-01,4182247.0,-0.2,0.9994,"(-0.2,0.9994)",0.5585514,0.2257155,0.0509475,0.7283,0.9994,0.6095,-0.0112,0.4325
MOD13A3_061__1_km_monthly_NDVI_doy2006244000000_aid0001,_1_km_monthly_NDVI,aid0001,2006-09-01,4177968.0,-0.2,1.0,"(-0.2,1.0)",0.5717036,0.2217331,0.0491656,0.734,1.0,0.6293,0.0378,0.4555
MOD13A3_061__1_km_monthly_NDVI_doy2006274000000_aid0001,_1_km_monthly_NDVI,aid0001,2006-10-01,4174970.0,-0.2,1.0,"(-0.2,1.0)",0.5256763,0.2221861,0.0493667,0.6899,1.0,0.5618,-0.0578,0.3908
MOD13A3_061__1_km_monthly_NDVI_doy2006305000000_aid0001,_1_km_monthly_NDVI,aid0001,2006-11-01,4175424.0,-0.2,1.0,"(-0.2,1.0)",0.4686614,0.2191384,0.0480216,0.622,1.0,0.473,-0.0992,0.3335
MOD13A3_061__1_km_monthly_NDVI_doy2006335000000_aid0001,_1_km_monthly_NDVI,aid0001,2006-12-01,4175417.0,-0.2,1.0,"(-0.2,1.0)",0.4392407,0.2088605,0.0436227,0.5697,0.9273,0.4397,-0.0263,0.3313
MOD13A3_061__1_km_monthly_NDVI_doy2007001000000_aid0001,_1_km_monthly_NDVI,aid0001,2007-01-01,4173881.0,-0.2,1.0,"(-0.2,1.0)",0.4166551,0.2015095,0.0406061,0.5507,0.9191,0.4211,-0.0633,0.3051
MOD13A3_061__1_km_monthly_NDVI_doy2007032000000_aid0001,_1_km_monthly_NDVI,aid0001,2007-02-01,4176067.0,-0.2,0.9917,"(-0.2,0.9917)",0.4049705,0.2045397,0.0418365,0.5519,0.9574,0.3931,-0.1268,0.2804
MOD13A3_061__1_km_monthly_NDVI_doy2007060000000_aid0001,_1_km_monthly_NDVI,aid0001,2007-03-01,4178429.0,-0.2,1.0,"(-0.2,1.0)",0.3655881,0.1946793,0.0379,0.4963,0.8684,0.3465,-0.1239,0.2482
MOD13A3_061__1_km_monthly_NDVI_doy2007091000000_aid0001,_1_km_monthly_NDVI,aid0001,2007-04-01,4180639.0,-0.2,1.0,"(-0.2,1.0)",0.330434,0.182826,0.0334253,0.43,0.7432,0.2982,-0.092,0.2212
MOD13A3_061__1_km_monthly_NDVI_doy2007121000000_aid0001,_1_km_monthly_NDVI,aid0001,2007-05-01,4181838.0,-0.2,1.0,"(-0.2,1.0)",0.3238757,0.1936473,0.0374993,0.4158,0.7381,0.2755,-0.1214,0.2009
MOD13A3_061__1_km_monthly_NDVI_doy2007152000000_aid0001,_1_km_monthly_NDVI,aid0001,2007-06-01,4182008.0,-0.2,1.0,"(-0.2,1.0)",0.3720539,0.2119896,0.0449396,0.5064,0.9369,0.33,-0.2,0.2194
MOD13A3_061__1_km_monthly_NDVI_doy2007182000000_aid0001,_1_km_monthly_NDVI,aid0001,2007-07-01,4182241.0,-0.2,1.0,"(-0.2,1.0)",0.4787576,0.2231089,0.0497776,0.6474,1.0,0.4892,-0.1446,0.3306
MOD13A3_061__1_km_monthly_NDVI_doy2007213000000_aid0001,_1_km_monthly_NDVI,aid0001,2007-08-01,4182181.0,-0.2,1.0,"(-0.2,1.0)",0.5740932,0.2265808,0.0513389,0.7424,1.0,0.6253,0.0487,0.4649
MOD13A3_061__1_km_monthly_NDVI_doy2007244000000_aid0001,_1_km_monthly_NDVI,aid0001,2007-09-01,4179715.0,-0.2,1.0,"(-0.2,1.0)",0.5941987,0.2225589,0.0495325,0.7531,1.0,0.6538,0.1134,0.4972
MOD13A3_061__1_km_monthly_NDVI_doy2007274000000_aid0001,_1_km_monthly_NDVI,aid0001,2007-10-01,4177201.0,-0.2,1.0,"(-0.2,1.0)",0.5275654,0.2233398,0.0498807,0.6904,1.0,0.5657,-0.0461,0.3958
MOD13A3_061__1_km_monthly_NDVI_doy2007305000000_aid0001,_1_km_monthly_NDVI,aid0001,2007-11-01,4177058.0,-0.2,1.0,"(-0.2,1.0)",0.4607627,0.2176701,0.0473803,0.6054,1.0,0.4654,-0.1226,0.3142
MOD13A3_061__1_km_monthly_NDVI_doy2007335000000_aid0001,_1_km_monthly_NDVI,aid0001,2007-12-01,4178759.0,-0.2,1.0,"(-0.2,1.0)",0.4288684,0.1998138,0.0399256,0.548,0.8976,0.4189,-0.0347,0.3149
MOD13A3_061__1_km_monthly_NDVI_doy2008001000000_aid0001,_1_km_monthly_NDVI,aid0001,2008-01-01,4178247.0,-0.2,1.0,"(-0.2,1.0)",0.4150864,0.2040828,0.0416498,0.5489,0.9203,0.4159,-0.0701,0.3013
MOD13A3_061__1_km_monthly_NDVI_doy2008032000000_aid0001,_1_km_monthly_NDVI,aid0001,2008-02-01,4179947.0,-0.2,1.0,"(-0.2,1.0)",0.4004581,0.2057457,0.0423313,0.5478,0.9505,0.3971,-0.1294,0.2769
MOD13A3_061__1_km_monthly_NDVI_doy2008061000000_aid0001,_1_km_monthly_NDVI,aid0001,2008-03-01,4181588.0,-0.2,1.0,"(-0.2,1.0)",0.3691298,0.1928076,0.0371748,0.4957,0.8614,0.3587,-0.1138,0.2519
MOD13A3_061__1_km_monthly_NDVI_doy2008092000000_aid0001,_1_km_monthly_NDVI,aid0001,2008-04-01,4182130.0,-0.2,0.9962,"(-0.2,0.9962)",0.3435119,0.1910592,0.0365036,0.4675,0.8353,0.3167,-0.1455,0.2223
MOD13A3_061__1_km_monthly_NDVI_doy2008122000000_aid0001,_1_km_monthly_NDVI,aid0001,2008-05-01,4182341.0,-0.2,1.0,"(-0.2,1.0)",0.3133195,0.1889135,0.0356883,0.409,0.7324,0.2686,-0.13,0.1934
MOD13A3_061__1_km_monthly_NDVI_doy2008153000000_aid0001,_1_km_monthly_NDVI,aid0001,2008-06-01,4182158.0,-0.2,1.0,"(-0.2,1.0)",0.3689948,0.2094222,0.0438577,0.4977,0.9148,0.3272,-0.1975,0.2196
MOD13A3_061__1_km_monthly_NDVI_doy2008183000000_aid0001,_1_km_monthly_NDVI,aid0001,2008-07-01,4182148.0,-0.2,1.0,"(-0.2,1.0)",0.456741,0.2280012,0.0519845,0.6317,1.0,0.4613,-0.2,0.2837
MOD13A3_061__1_km_monthly_NDVI_doy2008214000000_aid0001,_1_km_monthly_NDVI,aid0001,2008-08-01,4182081.0,-0.2,1.0,"(-0.2,1.0)",0.5694861,0.2260295,0.0510893,0.7405,1.0,0.6241,0.0073,0.4472
MOD13A3_061__1_km_monthly_NDVI_doy2008245000000_aid0001,_1_km_monthly_NDVI,aid0001,2008-09-01,4179814.0,-0.2,1.0,"(-0.2,1.0)",0.5728159,0.2212752,0.0489627,0.7336,1.0,0.6302,0.0444,0.4579
MOD13A3_061__1_km_monthly_NDVI_doy2008275000000_aid0001,_1_km_monthly_NDVI,aid0001,2008-10-01,4179939.0,-0.2,1.0,"(-0.2,1.0)",0.5195054,0.2229916,0.0497253,0.6831,1.0,0.5516,-0.0536,0.3884
MOD13A3_061__1_km_monthly_NDVI_doy2008306000000_aid0001,_1_km_monthly_NDVI,aid0001,2008-11-01,4178550.0,-0.2,1.0,"(-0.2,1.0)",0.44614,0.2124602,0.0451394,0.58,0.9646,0.4424,-0.061,0.3236
MOD13A3_061__1_km_monthly_NDVI_doy2008336000000_aid0001,_1_km_monthly_NDVI,aid0001,2008-12-01,4179976.0,-0.2,1.0,"(-0.2,1.0)",0.4371351,0.2024314,0.0409785,0.5636,0.9158,0.4352,-0.0236,0.3287
MOD13A3_061__1_km_monthly_NDVI_doy2009001000000_aid0001,_1_km_monthly_NDVI,aid0001,2009-01-01,4175070.0,-0.2,1.0,"(-0.2,1.0)",0.4223082,0.2085699,0.0435014,0.5692,0.9555,0.4282,-0.083,0.3083
MOD13A3_061__1_km_monthly_NDVI_doy2009032000000_aid0001,_1_km_monthly_NDVI,aid0001,2009-02-01,4179295.0,-0.2,1.0,"(-0.2,1.0)",0.3896032,0.2032947,0.0413287,0.5336,0.9274,0.3749,-0.1246,0.2703
MOD13A3_061__1_km_monthly_NDVI_doy2009060000000_aid0001,_1_km_monthly_NDVI,aid0001,2009-03-01,4181546.0,-0.2,1.0,"(-0.2,1.0)",0.3405657,0.1806893,0.0326486,0.454,0.779,0.3206,-0.0877,0.2373
MOD13A3_061__1_km_monthly_NDVI_doy2009091000000_aid0001,_1_km_monthly_NDVI,aid0001,2009-04-01,4182313.0,-0.2,1.0,"(-0.2,1.0)",0.3094114,0.1762459,0.0310626,0.4004,0.6821,0.2766,-0.0691,0.2126
MOD13A3_061__1_km_monthly_NDVI_doy2009121000000_aid0001,_1_km_monthly_NDVI,aid0001,2009-05-01,4182261.0,-0.2,1.0,"(-0.2,1.0)",0.3022152,0.1881876,0.0354146,0.3862,0.6803,0.2532,-0.104,0.1901
MOD13A3_061__1_km_monthly_NDVI_doy2009152000000_aid0001,_1_km_monthly_NDVI,aid0001,2009-06-01,4182242.0,-0.2,1.0,"(-0.2,1.0)",0.330378,0.2048108,0.0419475,0.4378,0.8042,0.2759,-0.1729,0.1935
MOD13A3_061__1_km_monthly_NDVI_doy2009182000000_aid0001,_1_km_monthly_NDVI,aid0001,2009-07-01,4182327.0,-0.2,1.0,"(-0.2,1.0)",0.4461382,0.2188089,0.0478773,0.6052,1.0,0.4486,-0.1823,0.2902
MOD13A3_061__1_km_monthly_NDVI_doy2009213000000_aid0001,_1_km_monthly_NDVI,aid0001,2009-08-01,4181942.0,-0.2,1.0,"(-0.2,1.0)",0.5507685,0.2291215,0.0524967,0.7287,1.0,0.5988,-0.0648,0.4113
MOD13A3_061__1_km_monthly_NDVI_doy2009244000000_aid0001,_1_km_monthly_NDVI,aid0001,2009-09-01,4180416.0,-0.2,1.0,"(-0.2,1.0)",0.5822524,0.2280721,0.0520169,0.7512,1.0,0.645,0.0525,0.4717
MOD13A3_061__1_km_monthly_NDVI_doy2009274000000_aid0001,_1_km_monthly_NDVI,aid0001,2009-10-01,4178771.0,-0.2,1.0,"(-0.2,1.0)",0.5234268,0.2278219,0.0519028,0.6935,1.0,0.5579,-0.059,0.3925
MOD13A3_061__1_km_monthly_NDVI_doy2009305000000_aid0001,_1_km_monthly_NDVI,aid0001,2009-11-01,4179027.0,-0.2,1.0,"(-0.2,1.0)",0.4608553,0.2207453,0.0487285,0.6093,1.0,0.4696,-0.0894,0.3298
MOD13A3_061__1_km_monthly_NDVI_doy2009335000000_aid0001,_1_km_monthly_NDVI,aid0001,2009-12-01,4179699.0,-0.2,1.0,"(-0.2,1.0)",0.448626,0.2145479,0.0460308,0.5903,0.9658,0.4617,-0.0362,0.3397
MOD13A3_061__1_km_monthly_NDVI_doy2010001000000_aid0001,_1_km_monthly_NDVI,aid0001,2010-01-01,4177570.0,-0.2,1.0,"(-0.2,1.0)",0.4506314,0.2173681,0.0472489,0.609,1.0,0.4691,-0.0845,0.3316
MOD13A3_061__1_km_monthly_NDVI_doy2010032000000_aid0001,_1_km_monthly_NDVI,aid0001,2010-02-01,4180010.0,-0.2,1.0,"(-0.2,1.0)",0.4118272,0.2068885,0.0428029,0.5663,0.98,0.4106,-0.1237,0.2903
MOD13A3_061__1_km_monthly_NDVI_doy2010060000000_aid0001,_1_km_monthly_NDVI,aid0001,2010-03-01,4181954.0,-0.2,1.0,"(-0.2,1.0)",0.3640657,0.1942346,0.0377271,0.4926,0.8563,0.3459,-0.1136,0.2501
MOD13A3_061__1_km_monthly_NDVI_doy2010091000000_aid0001,_1_km_monthly_NDVI,aid0001,2010-04-01,4182341.0,-0.2,1.0,"(-0.2,1.0)",0.3069445,0.1763815,0.0311105,0.3912,0.6634,0.2732,-0.0625,0.2097
MOD13A3_061__1_km_monthly_NDVI_doy2010121000000_aid0001,_1_km_monthly_NDVI,aid0001,2010-05-01,4182288.0,-0.2,1.0,"(-0.2,1.0)",0.3049744,0.1930963,0.0372862,0.3903,0.6904,0.2548,-0.1099,0.1902
MOD13A3_061__1_km_monthly_NDVI_doy2010152000000_aid0001,_1_km_monthly_NDVI,aid0001,2010-06-01,4181991.0,-0.2,1.0,"(-0.2,1.0)",0.3428023,0.2101267,0.0441532,0.4734,0.8883,0.2921,-0.2,0.1968
MOD13A3_061__1_km_monthly_NDVI_doy2010182000000_aid0001,_1_km_monthly_NDVI,aid0001,2010-07-01,4181983.0,-0.2,1.0,"(-0.2,1.0)",0.4821198,0.2209256,0.0488081,0.6452,1.0,0.4979,-0.128,0.3359
MOD13A3_061__1_km_monthly_NDVI_doy2010213000000_aid0001,_1_km_monthly_NDVI,aid0001,2010-08-01,4181921.0,-0.2,1.0,"(-0.2,1.0)",0.579438,0.2248288,0.050548,0.7514,1.0,0.6284,0.0299,0.4628
MOD13A3_061__1_km_monthly_NDVI_doy2010244000000_aid0001,_1_km_monthly_NDVI,aid0001,2010-09-01,4179975.0,-0.2,1.0,"(-0.2,1.0)",0.6075444,0.2120682,0.0449729,0.7532,1.0,0.6616,0.1855,0.5261
MOD13A3_061__1_km_monthly_NDVI_doy2010274000000_aid0001,_1_km_monthly_NDVI,aid0001,2010-10-01,4175998.0,-0.2,1.0,"(-0.2,1.0)",0.5552798,0.2152133,0.0463168,0.7116,1.0,0.5934,0.0146,0.4328
MOD13A3_061__1_km_monthly_NDVI_doy2010305000000_aid0001,_1_km_monthly_NDVI,aid0001,2010-11-01,4176660.0,-0.2,1.0,"(-0.2,1.0)",0.4977749,0.2194749,0.0481692,0.659,1.0,0.516,-0.1122,0.3505
MOD13A3_061__1_km_monthly_NDVI_doy2010335000000_aid0001,_1_km_monthly_NDVI,aid0001,2010-12-01,4177371.0,-0.2,1.0,"(-0.2,1.0)",0.4735028,0.2056897,0.0423082,0.611,0.9911,0.4787,-0.0227,0.3575
MOD13A3_061__1_km_monthly_NDVI_doy2011001000000_aid0001,_1_km_monthly_NDVI,aid0001,2011-01-01,4173891.0,-0.2,1.0,"(-0.2,1.0)",0.4498956,0.2060665,0.0424634,0.5885,0.9481,0.4655,-0.012,0.3483
MOD13A3_061__1_km_monthly_NDVI_doy2011032000000_aid0001,_1_km_monthly_NDVI,aid0001,2011-02-01,4177931.0,-0.2,1.0,"(-0.2,1.0)",0.4343201,0.2080567,0.0432876,0.5851,0.9813,0.4341,-0.0779,0.3199
MOD13A3_061__1_km_monthly_NDVI_doy2011060000000_aid0001,_1_km_monthly_NDVI,aid0001,2011-03-01,4179734.0,-0.2,1.0,"(-0.2,1.0)",0.3937162,0.1986109,0.0394463,0.5291,0.9027,0.3831,-0.0936,0.28
MOD13A3_061__1_km_monthly_NDVI_doy2011091000000_aid0001,_1_km_monthly_NDVI,aid0001,2011-04-01,4181492.0,-0.2,1.0,"(-0.2,1.0)",0.3452589,0.1869352,0.0349448,0.4597,0.7993,0.3184,-0.1063,0.2333
MOD13A3_061__1_km_monthly_NDVI_doy2011121000000_aid0001,_1_km_monthly_NDVI,aid0001,2011-05-01,4182181.0,-0.2,1.0,"(-0.2,1.0)",0.3359179,0.198198,0.0392824,0.447,0.8079,0.2861,-0.1545,0.2064
MOD13A3_061__1_km_monthly_NDVI_doy2011152000000_aid0001,_1_km_monthly_NDVI,aid0001,2011-06-01,4182240.0,-0.2,1.0,"(-0.2,1.0)",0.386317,0.2125798,0.0451902,0.5264,0.9725,0.3542,-0.2,0.229
MOD13A3_061__1_km_monthly_NDVI_doy2011182000000_aid0001,_1_km_monthly_NDVI,aid0001,2011-07-01,4182161.0,-0.2,1.0,"(-0.2,1.0)",0.4732912,0.2250015,0.0506257,0.6434,1.0,0.4832,-0.1678,0.3189
MOD13A3_061__1_km_monthly_NDVI_doy2011213000000_aid0001,_1_km_monthly_NDVI,aid0001,2011-08-01,4182009.0,-0.2,1.0,"(-0.2,1.0)",0.5765342,0.2307415,0.0532416,0.7517,1.0,0.6325,-0.0173,0.4441
MOD13A3_061__1_km_monthly_NDVI_doy2011244000000_aid0001,_1_km_monthly_NDVI,aid0001,2011-09-01,4180470.0,-0.2,1.0,"(-0.2,1.0)",0.6073535,0.2154402,0.0464145,0.7615,1.0,0.6637,0.13,0.5089
MOD13A3_061__1_km_monthly_NDVI_doy2011274000000_aid0001,_1_km_monthly_NDVI,aid0001,2011-10-01,4174313.0,-0.2,1.0,"(-0.2,1.0)",0.5500129,0.2147485,0.0461169,0.7061,1.0,0.5846,-0.0061,0.4212
MOD13A3_061__1_km_monthly_NDVI_doy2011305000000_aid0001,_1_km_monthly_NDVI,aid0001,2011-11-01,4174033.0,-0.2,1.0,"(-0.2,1.0)",0.4640935,0.210212,0.0441891,0.603,1.0,0.4589,-0.0625,0.3368
MOD13A3_061__1_km_monthly_NDVI_doy2011335000000_aid0001,_1_km_monthly_NDVI,aid0001,2011-12-01,4175703.0,-0.2,1.0,"(-0.2,1.0)",0.4390797,0.1964824,0.0386053,0.5594,0.8999,0.4285,-0.0081,0.3324
MOD13A3_061__1_km_monthly_NDVI_doy2012001000000_aid0001,_1_km_monthly_NDVI,aid0001,2012-01-01,4174875.0,-0.2,1.0,"(-0.2,1.0)",0.436278,0.2052639,0.0421333,0.5812,0.9751,0.4419,-0.0753,0.3186
MOD13A3_061__1_km_monthly_NDVI_doy2012032000000_aid0001,_1_km_monthly_NDVI,aid0001,2012-02-01,4177042.0,-0.2,1.0,"(-0.2,1.0)",0.4088163,0.2003036,0.0401215,0.5555,0.9528,0.4049,-0.1087,0.2898
MOD13A3_061__1_km_monthly_NDVI_doy2012061000000_aid0001,_1_km_monthly_NDVI,aid0001,2012-03-01,4178949.0,-0.2,1.0,"(-0.2,1.0)",0.3559994,0.1805759,0.0326077,0.4708,0.8012,0.342,-0.0799,0.2505
MOD13A3_061__1_km_monthly_NDVI_doy2012092000000_aid0001,_1_km_monthly_NDVI,aid0001,2012-04-01,4180473.0,-0.2,1.0,"(-0.2,1.0)",0.3260636,0.1771973,0.0313989,0.4163,0.702,0.2955,-0.0599,0.2258
MOD13A3_061__1_km_monthly_NDVI_doy2012122000000_aid0001,_1_km_monthly_NDVI,aid0001,2012-05-01,4181866.0,-0.2,0.9984,"(-0.2,0.9984)",0.3187062,0.1890238,0.03573,0.4054,0.7049,0.2719,-0.0938,0.2057
MOD13A3_061__1_km_monthly_NDVI_doy2012153000000_aid0001,_1_km_monthly_NDVI,aid0001,2012-06-01,4182143.0,-0.2,1.0,"(-0.2,1.0)",0.3259284,0.1972019,0.0388886,0.4237,0.7634,0.2722,-0.1425,0.1972
MOD13A3_061__1_km_monthly_NDVI_doy2012183000000_aid0001,_1_km_monthly_NDVI,aid0001,2012-07-01,4182168.0,-0.2,1.0,"(-0.2,1.0)",0.4333869,0.2252764,0.0507495,0.6038,1.0,0.4247,-0.2,0.2597
MOD13A3_061__1_km_monthly_NDVI_doy2012214000000_aid0001,_1_km_monthly_NDVI,aid0001,2012-08-01,4182106.0,-0.2,1.0,"(-0.2,1.0)",0.5622587,0.2408266,0.0579975,0.7557,1.0,0.6254,-0.138,0.3982
MOD13A3_061__1_km_monthly_NDVI_doy2012245000000_aid0001,_1_km_monthly_NDVI,aid0001,2012-09-01,4181080.0,-0.2,1.0,"(-0.2,1.0)",0.6056621,0.2214015,0.0490186,0.7661,1.0,0.674,0.0869,0.4944
MOD13A3_061__1_km_monthly_NDVI_doy2012275000000_aid0001,_1_km_monthly_NDVI,aid0001,2012-10-01,4179362.0,-0.2,1.0,"(-0.2,1.0)",0.5573393,0.2165335,0.0468867,0.7164,1.0,0.5954,0.0184,0.4372
MOD13A3_061__1_km_monthly_NDVI_doy2012306000000_aid0001,_1_km_monthly_NDVI,aid0001,2012-11-01,4178005.0,-0.2,1.0,"(-0.2,1.0)",0.4781712,0.2160769,0.0466892,0.6288,1.0,0.4842,-0.0964,0.3387
MOD13A3_061__1_km_monthly_NDVI_doy2012336000000_aid0001,_1_km_monthly_NDVI,aid0001,2012-12-01,4180005.0,-0.2,1.0,"(-0.2,1.0)",0.4462451,0.2050825,0.0420589,0.5744,0.9338,0.4417,-0.0246,0.3348
MOD13A3_061__1_km_monthly_NDVI_doy2013001000000_aid0001,_1_km_monthly_NDVI,aid0001,2013-01-01,4176372.0,-0.2,1.0,"(-0.2,1.0)",0.4297379,0.2058301,0.042366,0.5706,0.951,0.4327,-0.0641,0.3167
MOD13A3_061__1_km_monthly_NDVI_doy2013032000000_aid0001,_1_km_monthly_NDVI,aid0001,2013-02-01,4179625.0,-0.2,1.0,"(-0.2,1.0)",0.4254962,0.2156753,0.0465158,0.5915,1.0,0.42,-0.1522,0.294
MOD13A3_061__1_km_monthly_NDVI_doy2013060000000_aid0001,_1_km_monthly_NDVI,aid0001,2013-03-01,4181190.0,-0.2,1.0,"(-0.2,1.0)",0.3878501,0.1997216,0.0398887,0.529,0.9253,0.3775,-0.1317,0.2647
MOD13A3_061__1_km_monthly_NDVI_doy2013091000000_aid0001,_1_km_monthly_NDVI,aid0001,2013-04-01,4182176.0,-0.2,1.0,"(-0.2,1.0)",0.3367448,0.1837452,0.0337623,0.4462,0.7754,0.3107,-0.1025,0.2267
MOD13A3_061__1_km_monthly_NDVI_doy2013121000000_aid0001,_1_km_monthly_NDVI,aid0001,2013-05-01,4182401.0,-0.2,1.0,"(-0.2,1.0)",0.3211034,0.19162,0.0367182,0.4142,0.731,0.274,-0.1138,0.203
MOD13A3_061__1_km_monthly_NDVI_doy2013152000000_aid0001,_1_km_monthly_NDVI,aid0001,2013-06-01,4182233.0,-0.2,1.0,"(-0.2,1.0)",0.3898265,0.2186939,0.047827,0.5408,1.0,0.3524,-0.2,0.2271
MOD13A3_061__1_km_monthly_NDVI_doy2013182000000_aid0001,_1_km_monthly_NDVI,aid0001,2013-07-01,4182204.0,-0.2,1.0,"(-0.2,1.0)",0.456823,0.2389195,0.0570825,0.6433,1.0,0.4759,-0.2,0.2659
MOD13A3_061__1_km_monthly_NDVI_doy2013213000000_aid0001,_1_km_monthly_NDVI,aid0001,2013-08-01,4182171.0,-0.2,1.0,"(-0.2,1.0)",0.593171,0.222408,0.0494653,0.7549,1.0,0.6492,0.0907,0.4892
MOD13A3_061__1_km_monthly_NDVI_doy2013244000000_aid0001,_1_km_monthly_NDVI,aid0001,2013-09-01,4180582.0,-0.2,0.9995,"(-0.2,0.9995)",0.6015363,0.219124,0.0480153,0.7597,0.9995,0.6589,0.1115,0.5004
MOD13A3_061__1_km_monthly_NDVI_doy2013274000000_aid0001,_1_km_monthly_NDVI,aid0001,2013-10-01,4176254.0,-0.2,0.9956,"(-0.2,0.9956)",0.5736483,0.2223512,0.04944,0.7399,0.9956,0.6217,0.0197,0.4518
MOD13A3_061__1_km_monthly_NDVI_doy2013305000000_aid0001,_1_km_monthly_NDVI,aid0001,2013-11-01,4175672.0,-0.2,1.0,"(-0.2,1.0)",0.4966225,0.2214642,0.0490464,0.6513,1.0,0.5137,-0.0619,0.366
MOD13A3_061__1_km_monthly_NDVI_doy2013335000000_aid0001,_1_km_monthly_NDVI,aid0001,2013-12-01,4177511.0,-0.2,1.0,"(-0.2,1.0)",0.4681411,0.2041123,0.0416618,0.6013,0.9571,0.4725,0.0076,0.3638
MOD13A3_061__1_km_monthly_NDVI_doy2014001000000_aid0001,_1_km_monthly_NDVI,aid0001,2014-01-01,4173983.0,-0.2,1.0,"(-0.2,1.0)",0.4598126,0.2128164,0.0452908,0.6122,1.0,0.4736,-0.0468,0.3486
MOD13A3_061__1_km_monthly_NDVI_doy2014032000000_aid0001,_1_km_monthly_NDVI,aid0001,2014-02-01,4178696.0,-0.2,1.0,"(-0.2,1.0)",0.4473786,0.2170157,0.0470958,0.6167,1.0,0.4474,-0.1238,0.3205
MOD13A3_061__1_km_monthly_NDVI_doy2014060000000_aid0001,_1_km_monthly_NDVI,aid0001,2014-03-01,4179992.0,-0.2,1.0,"(-0.2,1.0)",0.4152233,0.2038764,0.0415656,0.5592,0.9514,0.4175,-0.0958,0.2972
MOD13A3_061__1_km_monthly_NDVI_doy2014091000000_aid0001,_1_km_monthly_NDVI,aid0001,2014-04-01,4181509.0,-0.2,1.0,"(-0.2,1.0)",0.3493292,0.1805691,0.0326052,0.4523,0.753,0.3351,-0.0489,0.2518
MOD13A3_061__1_km_monthly_NDVI_doy2014121000000_aid0001,_1_km_monthly_NDVI,aid0001,2014-05-01,4182124.0,-0.1997,1.0,"(-0.1997,1.0)",0.3373486,0.190753,0.0363867,0.4421,0.7721,0.3008,-0.1079,0.2221
MOD13A3_061__1_km_monthly_NDVI_doy2014152000000_aid0001,_1_km_monthly_NDVI,aid0001,2014-06-01,4182171.0,-0.2,1.0,"(-0.2,1.0)",0.3589472,0.2061225,0.0424865,0.4856,0.8895,0.3136,-0.1876,0.2163
MOD13A3_061__1_km_monthly_NDVI_doy2014182000000_aid0001,_1_km_monthly_NDVI,aid0001,2014-07-01,4182206.0,-0.2,1.0,"(-0.2,1.0)",0.4492319,0.2235545,0.0499766,0.6196,1.0,0.4496,-0.2,0.2781
MOD13A3_061__1_km_monthly_NDVI_doy2014213000000_aid0001,_1_km_monthly_NDVI,aid0001,2014-08-01,4182095.0,-0.2,1.0,"(-0.2,1.0)",0.5614424,0.2261432,0.0511407,0.7334,1.0,0.6073,-0.0123,0.4351
MOD13A3_061__1_km_monthly_NDVI_doy2014244000000_aid0001,_1_km_monthly_NDVI,aid0001,2014-09-01,4181566.0,-0.2,1.0,"(-0.2,1.0)",0.6061806,0.2222763,0.0494068,0.7641,1.0,0.6707,0.1229,0.5076
MOD13A3_061__1_km_monthly_NDVI_doy2014274000000_aid0001,_1_km_monthly_NDVI,aid0001,2014-10-01,4179386.0,-0.2,1.0,"(-0.2,1.0)",0.5532781,0.2243244,0.0503215,0.723,1.0,0.5925,-0.0275,0.4228
MOD13A3_061__1_km_monthly_NDVI_doy2014305000000_aid0001,_1_km_monthly_NDVI,aid0001,2014-11-01,4179043.0,-0.2,1.0,"(-0.2,1.0)",0.4739192,0.219648,0.0482453,0.628,1.0,0.4792,-0.0982,0.3375
MOD13A3_061__1_km_monthly_NDVI_doy2014335000000_aid0001,_1_km_monthly_NDVI,aid0001,2014-12-01,4180383.0,-0.2,1.0,"(-0.2,1.0)",0.4538865,0.2057453,0.0423311,0.5856,0.9473,0.4539,-0.0174,0.3444
MOD13A3_061__1_km_monthly_NDVI_doy2015001000000_aid0001,_1_km_monthly_NDVI,aid0001,2015-01-01,4178275.0,-0.2,1.0,"(-0.2,1.0)",0.4600815,0.2156509,0.0465053,0.6206,1.0,0.4737,-0.0841,0.3387
MOD13A3_061__1_km_monthly_NDVI_doy2015032000000_aid0001,_1_km_monthly_NDVI,aid0001,2015-02-01,4180769.0,-0.2,1.0,"(-0.2,1.0)",0.4323029,0.2135054,0.0455846,0.5992,1.0,0.4289,-0.1383,0.3042
MOD13A3_061__1_km_monthly_NDVI_doy2015060000000_aid0001,_1_km_monthly_NDVI,aid0001,2015-03-01,4181124.0,-0.2,1.0,"(-0.2,1.0)",0.3951305,0.201101,0.0404416,0.5303,0.9061,0.3896,-0.0962,0.2797
MOD13A3_061__1_km_monthly_NDVI_doy2015091000000_aid0001,_1_km_monthly_NDVI,aid0001,2015-04-01,4182356.0,-0.2,1.0,"(-0.2,1.0)",0.3569722,0.1908591,0.0364272,0.4647,0.7863,0.3347,-0.0713,0.2503
MOD13A3_061__1_km_monthly_NDVI_doy2015121000000_aid0001,_1_km_monthly_NDVI,aid0001,2015-05-01,4182373.0,-0.2,1.0,"(-0.2,1.0)",0.3457682,0.2015902,0.0406386,0.4649,0.8381,0.3017,-0.1571,0.2161
MOD13A3_061__1_km_monthly_NDVI_doy2015152000000_aid0001,_1_km_monthly_NDVI,aid0001,2015-06-01,4182191.0,-0.2,1.0,"(-0.2,1.0)",0.382195,0.2160171,0.0466634,0.5254,0.9712,0.3441,-0.2,0.2282
MOD13A3_061__1_km_monthly_NDVI_doy2015182000000_aid0001,_1_km_monthly_NDVI,aid0001,2015-07-01,4182121.0,-0.2,1.0,"(-0.2,1.0)",0.4857576,0.2221969,0.0493715,0.6566,1.0,0.491,-0.1509,0.3336
MOD13A3_061__1_km_monthly_NDVI_doy2015213000000_aid0001,_1_km_monthly_NDVI,aid0001,2015-08-01,4181732.0,-0.2,1.0,"(-0.2,1.0)",0.5821995,0.2216462,0.049127,0.7481,1.0,0.6357,0.0319,0.4616
MOD13A3_061__1_km_monthly_NDVI_doy2015244000000_aid0001,_1_km_monthly_NDVI,aid0001,2015-09-01,4177841.0,-0.2,1.0,"(-0.2,1.0)",0.5870609,0.2165153,0.0468789,0.7454,1.0,0.6381,0.0614,0.4718
MOD13A3_061__1_km_monthly_NDVI_doy2015274000000_aid0001,_1_km_monthly_NDVI,aid0001,2015-10-01,4175558.0,-0.2,1.0,"(-0.2,1.0)",0.5391632,0.2244691,0.0503864,0.7094,1.0,0.5707,-0.0806,0.3934
MOD13A3_061__1_km_monthly_NDVI_doy2015305000000_aid0001,_1_km_monthly_NDVI,aid0001,2015-11-01,4175335.0,-0.2,1.0,"(-0.2,1.0)",0.4666504,0.2226255,0.0495621,0.624,1.0,0.4658,-0.132,0.3216
MOD13A3_061__1_km_monthly_NDVI_doy2015335000000_aid0001,_1_km_monthly_NDVI,aid0001,2015-12-01,4176342.0,-0.2,1.0,"(-0.2,1.0)",0.4458023,0.210262,0.0442101,0.5841,0.9694,0.4368,-0.0581,0.3272
MOD13A3_061__1_km_monthly_NDVI_doy2016001000000_aid0001,_1_km_monthly_NDVI,aid0001,2016-01-01,4174401.0,-0.2,1.0,"(-0.2,1.0)",0.4339448,0.209822,0.0440253,0.5803,0.9891,0.4342,-0.1017,0.3075
MOD13A3_061__1_km_monthly_NDVI_doy2016032000000_aid0001,_1_km_monthly_NDVI,aid0001,2016-02-01,4180988.0,-0.2,1.0,"(-0.2,1.0)",0.4176464,0.2089337,0.0436533,0.5723,1.0,0.408,-0.1504,0.2832
MOD13A3_061__1_km_monthly_NDVI_doy2016061000000_aid0001,_1_km_monthly_NDVI,aid0001,2016-03-01,4181847.0,-0.2,1.0,"(-0.2,1.0)",0.3732089,0.1951766,0.0380939,0.5,0.873,0.3557,-0.1217,0.2513
MOD13A3_061__1_km_monthly_NDVI_doy2016092000000_aid0001,_1_km_monthly_NDVI,aid0001,2016-04-01,4181385.0,-0.2,1.0,"(-0.2,1.0)",0.3239886,0.1867898,0.0348904,0.4163,0.7188,0.2843,-0.0879,0.2146
MOD13A3_061__1_km_monthly_NDVI_doy2016122000000_aid0001,_1_km_monthly_NDVI,aid0001,2016-05-01,4182168.0,-0.2,1.0,"(-0.2,1.0)",0.3190489,0.1943734,0.037781,0.4055,0.7161,0.2673,-0.1122,0.1984
MOD13A3_061__1_km_monthly_NDVI_doy2016153000000_aid0001,_1_km_monthly_NDVI,aid0001,2016-06-01,4182243.0,-0.2,1.0,"(-0.2,1.0)",0.3608205,0.2126912,0.0452376,0.4987,0.9406,0.3102,-0.2,0.2041
MOD13A3_061__1_km_monthly_NDVI_doy2016183000000_aid0001,_1_km_monthly_NDVI,aid0001,2016-07-01,4182147.0,-0.2,1.0,"(-0.2,1.0)",0.4666932,0.2352471,0.0553412,0.6489,1.0,0.4802,-0.2,0.288
MOD13A3_061__1_km_monthly_NDVI_doy2016214000000_aid0001,_1_km_monthly_NDVI,aid0001,2016-08-01,4182278.0,-0.2,1.0,"(-0.2,1.0)",0.5959621,0.2199536,0.0483796,0.7577,1.0,0.6489,0.082,0.4874
MOD13A3_061__1_km_monthly_NDVI_doy2016245000000_aid0001,_1_km_monthly_NDVI,aid0001,2016-09-01,4180958.0,-0.2,1.0,"(-0.2,1.0)",0.610717,0.2203648,0.0485607,0.7712,1.0,0.6708,0.1155,0.5089
MOD13A3_061__1_km_monthly_NDVI_doy2016275000000_aid0001,_1_km_monthly_NDVI,aid0001,2016-10-01,4179536.0,-0.2,1.0,"(-0.2,1.0)",0.5580597,0.2247201,0.0504991,0.7344,1.0,0.6027,-0.0738,0.4111
MOD13A3_061__1_km_monthly_NDVI_doy2016306000000_aid0001,_1_km_monthly_NDVI,aid0001,2016-11-01,4177141.0,-0.2,1.0,"(-0.2,1.0)",0.4737851,0.2135659,0.0456104,0.6226,1.0,0.4738,-0.1029,0.3324
MOD13A3_061__1_km_monthly_NDVI_doy2016336000000_aid0001,_1_km_monthly_NDVI,aid0001,2016-12-01,4178456.0,-0.2,1.0,"(-0.2,1.0)",0.4532301,0.197637,0.0390604,0.5752,0.9212,0.4481,-0.0015,0.3445
MOD13A3_061__1_km_monthly_NDVI_doy2017001000000_aid0001,_1_km_monthly_NDVI,aid0001,2017-01-01,4178315.0,-0.2,1.0,"(-0.2,1.0)",0.4523483,0.212739,0.0452579,0.6065,1.0,0.458,-0.0805,0.3317
MOD13A3_061__1_km_monthly_NDVI_doy2017032000000_aid0001,_1_km_monthly_NDVI,aid0001,2017-02-01,4179737.0,-0.2,1.0,"(-0.2,1.0)",0.4301175,0.2136527,0.0456475,0.5897,1.0,0.4225,-0.1253,0.3037
MOD13A3_061__1_km_monthly_NDVI_doy2017060000000_aid0001,_1_km_monthly_NDVI,aid0001,2017-03-01,4181288.0,-0.2,0.9949,"(-0.2,0.9949)",0.3863909,0.2009312,0.0403733,0.5201,0.899,0.3695,-0.1114,0.2675
MOD13A3_061__1_km_monthly_NDVI_doy2017091000000_aid0001,_1_km_monthly_NDVI,aid0001,2017-04-01,4182366.0,-0.2,1.0,"(-0.2,1.0)",0.3304912,0.1852343,0.0343118,0.4234,0.719,0.2964,-0.0693,0.2263
MOD13A3_061__1_km_monthly_NDVI_doy2017121000000_aid0001,_1_km_monthly_NDVI,aid0001,2017-05-01,4182510.0,-0.2,1.0,"(-0.2,1.0)",0.3308259,0.1990398,0.0396169,0.4215,0.7389,0.2794,-0.1075,0.2099
MOD13A3_061__1_km_monthly_NDVI_doy2017152000000_aid0001,_1_km_monthly_NDVI,aid0001,2017-06-01,4182283.0,-0.2,1.0,"(-0.2,1.0)",0.3962253,0.2175007,0.0473066,0.5449,1.0,0.3603,-0.2,0.2379
MOD13A3_061__1_km_monthly_NDVI_doy2017182000000_aid0001,_1_km_monthly_NDVI,aid0001,2017-07-01,4182233.0,-0.2,1.0,"(-0.2,1.0)",0.4792626,0.2262572,0.0511923,0.6542,1.0,0.4811,-0.188,0.3173
MOD13A3_061__1_km_monthly_NDVI_doy2017213000000_aid0001,_1_km_monthly_NDVI,aid0001,2017-08-01,4181962.0,-0.2,1.0,"(-0.2,1.0)",0.611729,0.2256062,0.0508982,0.7781,1.0,0.6829,0.0801,0.4989
MOD13A3_061__1_km_monthly_NDVI_doy2017244000000_aid0001,_1_km_monthly_NDVI,aid0001,2017-09-01,4178879.0,-0.2,1.0,"(-0.2,1.0)",0.6198441,0.219871,0.0483433,0.7751,1.0,0.6883,0.1496,0.5249
MOD13A3_061__1_km_monthly_NDVI_doy2017274000000_aid0001,_1_km_monthly_NDVI,aid0001,2017-10-01,4176320.0,-0.2,1.0,"(-0.2,1.0)",0.5619293,0.2297171,0.0527699,0.7395,1.0,0.6139,-0.0602,0.4196
MOD13A3_061__1_km_monthly_NDVI_doy2017305000000_aid0001,_1_km_monthly_NDVI,aid0001,2017-11-01,4176927.0,-0.2,1.0,"(-0.2,1.0)",0.4863415,0.2205671,0.0486498,0.6444,1.0,0.4978,-0.1256,0.3364
MOD13A3_061__1_km_monthly_NDVI_doy2017335000000_aid0001,_1_km_monthly_NDVI,aid0001,2017-12-01,4178320.0,-0.2,1.0,"(-0.2,1.0)",0.4662698,0.2089252,0.0436497,0.6012,0.969,0.4704,-0.012,0.3559
MOD13A3_061__1_km_monthly_NDVI_doy2018001000000_aid0001,_1_km_monthly_NDVI,aid0001,2018-01-01,4176458.0,-0.2,1.0,"(-0.2,1.0)",0.4506683,0.212207,0.0450318,0.6017,1.0,0.4541,-0.0688,0.3335
MOD13A3_061__1_km_monthly_NDVI_doy2018032000000_aid0001,_1_km_monthly_NDVI,aid0001,2018-02-01,4178980.0,-0.2,1.0,"(-0.2,1.0)",0.4219436,0.2035718,0.0414415,0.5707,0.9754,0.4096,-0.104,0.3008
MOD13A3_061__1_km_monthly_NDVI_doy2018060000000_aid0001,_1_km_monthly_NDVI,aid0001,2018-03-01,4180491.0,-0.2,1.0,"(-0.2,1.0)",0.3826626,0.1953765,0.038172,0.5066,0.8649,0.3612,-0.0906,0.2677
MOD13A3_061__1_km_monthly_NDVI_doy2018091000000_aid0001,_1_km_monthly_NDVI,aid0001,2018-04-01,4181634.0,-0.2,1.0,"(-0.2,1.0)",0.3431792,0.1899941,0.0360977,0.4485,0.7779,0.3058,-0.1005,0.2289
MOD13A3_061__1_km_monthly_NDVI_doy2018121000000_aid0001,_1_km_monthly_NDVI,aid0001,2018-05-01,4182227.0,-0.2,1.0,"(-0.2,1.0)",0.3335254,0.2003005,0.0401203,0.4435,0.8057,0.2796,-0.1602,0.202
MOD13A3_061__1_km_monthly_NDVI_doy2018152000000_aid0001,_1_km_monthly_NDVI,aid0001,2018-06-01,4182220.0,-0.2,1.0,"(-0.2,1.0)",0.3805737,0.2147193,0.0461044,0.5263,0.9881,0.3438,-0.2,0.2179
MOD13A3_061__1_km_monthly_NDVI_doy2018182000000_aid0001,_1_km_monthly_NDVI,aid0001,2018-07-01,4182289.0,-0.2,1.0,"(-0.2,1.0)",0.4468795,0.2230034,0.0497305,0.6109,1.0,0.4468,-0.2,0.2848
MOD13A3_061__1_km_monthly_NDVI_doy2018213000000_aid0001,_1_km_monthly_NDVI,aid0001,2018-08-01,4182123.0,-0.2,1.0,"(-0.2,1.0)",0.5735316,0.233019,0.0542979,0.7576,1.0,0.6363,-0.0719,0.4258
MOD13A3_061__1_km_monthly_NDVI_doy2018244000000_aid0001,_1_km_monthly_NDVI,aid0001,2018-09-01,4181759.0,-0.2,1.0,"(-0.2,1.0)",0.5971357,0.2237408,0.05006,0.7598,1.0,0.6634,0.0866,0.4905
MOD13A3_061__1_km_monthly_NDVI_doy2018274000000_aid0001,_1_km_monthly_NDVI,aid0001,2018-10-01,4179810.0,-0.2,1.0,"(-0.2,1.0)",0.5313034,0.2264151,0.0512638,0.7001,1.0,0.5662,-0.0336,0.4066
MOD13A3_061__1_km_monthly_NDVI_doy2018305000000_aid0001,_1_km_monthly_NDVI,aid0001,2018-11-01,4178653.0,-0.2,1.0,"(-0.2,1.0)",0.4527164,0.2228511,0.0496626,0.6069,1.0,0.4499,-0.1036,0.3227
MOD13A3_061__1_km_monthly_NDVI_doy2018335000000_aid0001,_1_km_monthly_NDVI,aid0001,2018-12-01,4180968.0,-0.2,1.0,"(-0.2,1.0)",0.4363045,0.2106454,0.0443715,0.5711,0.943,0.4313,-0.0489,0.3231
MOD13A3_061__1_km_monthly_NDVI_doy2019001000000_aid0001,_1_km_monthly_NDVI,aid0001,2019-01-01,4176428.0,-0.2,1.0,"(-0.2,1.0)",0.4344329,0.2196864,0.0482621,0.5962,1.0,0.4368,-0.1375,0.3027
MOD13A3_061__1_km_monthly_NDVI_doy2019032000000_aid0001,_1_km_monthly_NDVI,aid0001,2019-02-01,4180788.0,-0.2,1.0,"(-0.2,1.0)",0.422683,0.2217926,0.049192,0.5961,1.0,0.4138,-0.1904,0.2815
MOD13A3_061__1_km_monthly_NDVI_doy2019060000000_aid0001,_1_km_monthly_NDVI,aid0001,2019-03-01,4181612.0,-0.2,1.0,"(-0.2,1.0)",0.3888822,0.2105665,0.0443383,0.5445,0.9849,0.3743,-0.1897,0.2508
MOD13A3_061__1_km_monthly_NDVI_doy2019091000000_aid0001,_1_km_monthly_NDVI,aid0001,2019-04-01,4182240.0,-0.2,1.0,"(-0.2,1.0)",0.3486099,0.1986033,0.0394433,0.4767,0.8571,0.3122,-0.1573,0.2231
MOD13A3_061__1_km_monthly_NDVI_doy2019121000000_aid0001,_1_km_monthly_NDVI,aid0001,2019-05-01,4182411.0,-0.2,1.0,"(-0.2,1.0)",0.3253666,0.2002094,0.0400838,0.4275,0.7659,0.2702,-0.1365,0.2019
MOD13A3_061__1_km_monthly_NDVI_doy2019152000000_aid0001,_1_km_monthly_NDVI,aid0001,2019-06-01,4182128.0,-0.2,1.0,"(-0.2,1.0)",0.3516213,0.2155847,0.0464768,0.4789,0.8867,0.2885,-0.2,0.207
MOD13A3_061__1_km_monthly_NDVI_doy2019182000000_aid0001,_1_km_monthly_NDVI,aid0001,2019-07-01,4182033.0,-0.2,1.0,"(-0.2,1.0)",0.4877426,0.231274,0.0534877,0.6672,1.0,0.5054,-0.1935,0.3229
MOD13A3_061__1_km_monthly_NDVI_doy2019213000000_aid0001,_1_km_monthly_NDVI,aid0001,2019-08-01,4181978.0,-0.2,1.0,"(-0.2,1.0)",0.5795039,0.2359098,0.0556534,0.7644,1.0,0.6392,-0.0441,0.441
MOD13A3_061__1_km_monthly_NDVI_doy2019244000000_aid0001,_1_km_monthly_NDVI,aid0001,2019-09-01,4179176.0,-0.2,1.0,"(-0.2,1.0)",0.6365608,0.225454,0.0508295,0.7982,1.0,0.7092,0.1597,0.5428
MOD13A3_061__1_km_monthly_NDVI_doy2019274000000_aid0001,_1_km_monthly_NDVI,aid0001,2019-10-01,4177644.0,-0.2,1.0,"(-0.2,1.0)",0.593937,0.2289532,0.0524196,0.7648,1.0,0.6526,0.0543,0.4806
MOD13A3_061__1_km_monthly_NDVI_doy2019305000000_aid0001,_1_km_monthly_NDVI,aid0001,2019-11-01,4177637.0,-0.2,1.0,"(-0.2,1.0)",0.5206189,0.2337939,0.0546596,0.6943,1.0,0.5559,-0.0987,0.3771
MOD13A3_061__1_km_monthly_NDVI_doy2019335000000_aid0001,_1_km_monthly_NDVI,aid0001,2019-12-01,4177798.0,-0.2,1.0,"(-0.2,1.0)",0.4946723,0.2221816,0.0493646,0.6465,1.0,0.5123,0.0075,0.3909
MOD13A3_061__1_km_monthly_NDVI_doy2020001000000_aid0001,_1_km_monthly_NDVI,aid0001,2020-01-01,4175374.0,-0.2,1.0,"(-0.2,1.0)",0.4943131,0.227687,0.0518414,0.6588,1.0,0.5233,-0.0167,0.3886
MOD13A3_061__1_km_monthly_NDVI_doy2020032000000_aid0001,_1_km_monthly_NDVI,aid0001,2020-02-01,4178822.0,-0.2,1.0,"(-0.2,1.0)",0.4785305,0.2260857,0.0511148,0.6515,1.0,0.4924,-0.0872,0.356
MOD13A3_061__1_km_monthly_NDVI_doy2020061000000_aid0001,_1_km_monthly_NDVI,aid0001,2020-03-01,4180001.0,-0.2,1.0,"(-0.2,1.0)",0.4419087,0.2140903,0.0458347,0.5982,1.0,0.4507,-0.1073,0.316
MOD13A3_061__1_km_monthly_NDVI_doy2020092000000_aid0001,_1_km_monthly_NDVI,aid0001,2020-04-01,4181828.0,-0.2,1.0,"(-0.2,1.0)",0.3818968,0.1959222,0.0383855,0.5103,0.8767,0.3706,-0.1004,0.266
MOD13A3_061__1_km_monthly_NDVI_doy2020122000000_aid0001,_1_km_monthly_NDVI,aid0001,2020-05-01,4182328.0,-0.2,1.0,"(-0.2,1.0)",0.3651581,0.208616,0.0435206,0.5007,0.9093,0.3234,-0.1803,0.2283
MOD13A3_061__1_km_monthly_NDVI_doy2020153000000_aid0001,_1_km_monthly_NDVI,aid0001,2020-06-01,4182205.0,-0.2,1.0,"(-0.2,1.0)",0.4232078,0.2225623,0.049534,0.5856,1.0,0.4073,-0.2,0.2597
MOD13A3_061__1_km_monthly_NDVI_doy2020183000000_aid0001,_1_km_monthly_NDVI,aid0001,2020-07-01,4182053.0,-0.2,1.0,"(-0.2,1.0)",0.5345766,0.2356601,0.0555357,0.7194,1.0,0.5731,-0.1258,0.3813
MOD13A3_061__1_km_monthly_NDVI_doy2020214000000_aid0001,_1_km_monthly_NDVI,aid0001,2020-08-01,4181784.0,-0.2,1.0,"(-0.2,1.0)",0.6353243,0.2282474,0.0520969,0.7996,1.0,0.7073,0.1589,0.5433
MOD13A3_061__1_km_monthly_NDVI_doy2020245000000_aid0001,_1_km_monthly_NDVI,aid0001,2020-09-01,4177714.0,-0.2,1.0,"(-0.2,1.0)",0.6352523,0.220513,0.048626,0.7887,1.0,0.7028,0.2042,0.5549
MOD13A3_061__1_km_monthly_NDVI_doy2020275000000_aid0001,_1_km_monthly_NDVI,aid0001,2020-10-01,4177223.0,-0.2,1.0,"(-0.2,1.0)",0.57283,0.2218405,0.0492132,0.7372,1.0,0.62,0.0182,0.4496
MOD13A3_061__1_km_monthly_NDVI_doy2020306000000_aid0001,_1_km_monthly_NDVI,aid0001,2020-11-01,4175974.0,-0.2,1.0,"(-0.2,1.0)",0.4896414,0.2203583,0.0485578,0.6484,1.0,0.4978,-0.1113,0.3445
MOD13A3_061__1_km_monthly_NDVI_doy2020336000000_aid0001,_1_km_monthly_NDVI,aid0001,2020-12-01,4176694.0,-0.2,1.0,"(-0.2,1.0)",0.4753521,0.215596,0.0464816,0.6151,0.9855,0.4846,-0.0029,0.3679
MOD13A3_061__1_km_monthly_NDVI_doy2021001000000_aid0001,_1_km_monthly_NDVI,aid0001,2021-01-01,4176004.0,-0.2,1.0,"(-0.2,1.0)",0.4783868,0.2191907,0.0480446,0.6348,1.0,0.497,-0.0382,0.3656
MOD13A3_061__1_km_monthly_NDVI_doy2021032000000_aid0001,_1_km_monthly_NDVI,aid0001,2021-02-01,4178021.0,-0.2,1.0,"(-0.2,1.0)",0.4548668,0.2108735,0.0444676,0.6106,1.0,0.4597,-0.0716,0.3377
MOD13A3_061__1_km_monthly_NDVI_doy2021060000000_aid0001,_1_km_monthly_NDVI,aid0001,2021-03-01,4179727.0,-0.2,1.0,"(-0.2,1.0)",0.4034444,0.1957453,0.0383162,0.5295,0.8856,0.3958,-0.064,0.2921
MOD13A3_061__1_km_monthly_NDVI_doy2021091000000_aid0001,_1_km_monthly_NDVI,aid0001,2021-04-01,4181419.0,-0.2,1.0,"(-0.2,1.0)",0.3426805,0.1819006,0.0330878,0.4457,0.7569,0.3181,-0.073,0.2382
MOD13A3_061__1_km_monthly_NDVI_doy2021121000000_aid0001,_1_km_monthly_NDVI,aid0001,2021-05-01,4181919.0,-0.2,1.0,"(-0.2,1.0)",0.376377,0.2092826,0.0437992,0.5174,0.9437,0.3446,-0.1931,0.2332
MOD13A3_061__1_km_monthly_NDVI_doy2021152000000_aid0001,_1_km_monthly_NDVI,aid0001,2021-06-01,4182039.0,-0.2,1.0,"(-0.2,1.0)",0.4364418,0.2259134,0.0510369,0.6052,1.0,0.4314,-0.2,0.2694
MOD13A3_061__1_km_monthly_NDVI_doy2021182000000_aid0001,_1_km_monthly_NDVI,aid0001,2021-07-01,4182363.0,-0.2,1.0,"(-0.2,1.0)",0.5233287,0.2272606,0.0516474,0.6968,1.0,0.5459,-0.0947,0.3802
MOD13A3_061__1_km_monthly_NDVI_doy2021213000000_aid0001,_1_km_monthly_NDVI,aid0001,2021-08-01,4182187.0,-0.2,1.0,"(-0.2,1.0)",0.5948833,0.2351,0.055272,0.7758,1.0,0.6589,0.0131,0.4707
MOD13A3_061__1_km_monthly_NDVI_doy2021244000000_aid0001,_1_km_monthly_NDVI,aid0001,2021-09-01,4181378.0,-0.2,1.0,"(-0.2,1.0)",0.6307947,0.2256609,0.0509229,0.7935,1.0,0.7008,0.1555,0.5383
MOD13A3_061__1_km_monthly_NDVI_doy2021274000000_aid0001,_1_km_monthly_NDVI,aid0001,2021-10-01,4177711.0,-0.2,1.0,"(-0.2,1.0)",0.5888565,0.2211912,0.0489255,0.7526,1.0,0.6378,0.0774,0.4825
MOD13A3_061__1_km_monthly_NDVI_doy2021305000000_aid0001,_1_km_monthly_NDVI,aid0001,2021-11-01,4177812.0,-0.2,1.0,"(-0.2,1.0)",0.4998373,0.2267352,0.0514089,0.6619,1.0,0.519,-0.0708,0.3688
MOD13A3_061__1_km_monthly_NDVI_doy2021335000000_aid0001,_1_km_monthly_NDVI,aid0001,2021-12-01,4179938.0,-0.2,1.0,"(-0.2,1.0)",0.4925182,0.2133848,0.0455331,0.6328,1.0,0.5104,0.0151,0.3857
MOD13A3_061__1_km_monthly_NDVI_doy2022001000000_aid0001,_1_km_monthly_NDVI,aid0001,2022-01-01,4177793.0,-0.2,1.0,"(-0.2,1.0)",0.4945833,0.2253564,0.0507855,0.6574,1.0,0.5243,-0.0016,0.3938
MOD13A3_061__1_km_monthly_NDVI_doy2022032000000_aid0001,_1_km_monthly_NDVI,aid0001,2022-02-01,4179230.0,-0.2,1.0,"(-0.2,1.0)",0.4679873,0.2186554,0.0478102,0.6315,1.0,0.4827,-0.053,0.3577
MOD13A3_061__1_km_monthly_NDVI_doy2022060000000_aid0001,_1_km_monthly_NDVI,aid0001,2022-03-01,4181442.0,-0.2,1.0,"(-0.2,1.0)",0.424328,0.2005618,0.040225,0.5628,0.9373,0.4264,-0.0614,0.3131
MOD13A3_061__1_km_monthly_NDVI_doy2022091000000_aid0001,_1_km_monthly_NDVI,aid0001,2022-04-01,4182198.0,-0.2,1.0,"(-0.2,1.0)",0.3646613,0.1876543,0.0352141,0.4762,0.815,0.3428,-0.0885,0.2503
MOD13A3_061__1_km_monthly_NDVI_doy2022121000000_aid0001,_1_km_monthly_NDVI,aid0001,2022-05-01,4182357.0,-0.2,1.0,"(-0.2,1.0)",0.3606646,0.2057415,0.0423296,0.4857,0.8859,0.3164,-0.1813,0.2189
MOD13A3_061__1_km_monthly_NDVI_doy2022152000000_aid0001,_1_km_monthly_NDVI,aid0001,2022-06-01,4182166.0,-0.2,1.0,"(-0.2,1.0)",0.4011568,0.2222073,0.0493761,0.5532,1.0,0.3679,-0.2,0.2334
MOD13A3_061__1_km_monthly_NDVI_doy2022182000000_aid0001,_1_km_monthly_NDVI,aid0001,2022-07-01,4182150.0,-0.2,1.0,"(-0.2,1.0)",0.5315765,0.2280189,0.0519926,0.7094,1.0,0.5561,-0.0973,0.3867
MOD13A3_061__1_km_monthly_NDVI_doy2022213000000_aid0001,_1_km_monthly_NDVI,aid0001,2022-08-01,4182065.0,-0.2,1.0,"(-0.2,1.0)",0.6233519,0.21296,0.0453519,0.7779,1.0,0.6769,0.1662,0.5332
MOD13A3_061__1_km_monthly_NDVI_doy2022244000000_aid0001,_1_km_monthly_NDVI,aid0001,2022-09-01,4178686.0,-0.2,1.0,"(-0.2,1.0)",0.6315736,0.214478,0.0460008,0.7809,1.0,0.6933,0.1994,0.5483
MOD13A3_061__1_km_monthly_NDVI_doy2022274000000_aid0001,_1_km_monthly_NDVI,aid0001,2022-10-01,4175528.0,-0.2,1.0,"(-0.2,1.0)",0.5798077,0.2211183,0.0488933,0.7378,1.0,0.6329,0.0816,0.4753
MOD13A3_061__1_km_monthly_NDVI_doy2022305000000_aid0001,_1_km_monthly_NDVI,aid0001,2022-11-01,4175998.0,-0.2,1.0,"(-0.2,1.0)",0.4961378,0.2228,0.0496398,0.6526,1.0,0.5141,-0.0606,0.3673
MOD13A3_061__1_km_monthly_NDVI_doy2022335000000_aid0001,_1_km_monthly_NDVI,aid0001,2022-12-01,4177597.0,-0.2,1.0,"(-0.2,1.0)",0.4888284,0.2095762,0.0439222,0.6281,0.9918,0.5,0.0214,0.3854
MOD13A3_061__1_km_monthly_NDVI_doy2023001000000_aid0001,_1_km_monthly_NDVI,aid0001,2023-01-01,4176624.0,-0.2,1.0,"(-0.2,1.0)",0.4849314,0.2141592,0.0458642,0.6427,1.0,0.5048,-0.0273,0.3747
MOD13A3_061__1_km_monthly_NDVI_doy2023032000000_aid0001,_1_km_monthly_NDVI,aid0001,2023-02-01,4178956.0,-0.2,1.0,"(-0.2,1.0)",0.4552144,0.2095863,0.0439264,0.6124,1.0,0.4584,-0.0683,0.3401
MOD13A3_061__1_km_monthly_NDVI_doy2023060000000_aid0001,_1_km_monthly_NDVI,aid0001,2023-03-01,4180239.0,-0.2,1.0,"(-0.2,1.0)",0.4211219,0.1993994,0.0397601,0.5572,0.9285,0.4169,-0.062,0.3095
MOD13A3_061__1_km_monthly_NDVI_doy2023091000000_aid0001,_1_km_monthly_NDVI,aid0001,2023-04-01,4181394.0,-0.2,1.0,"(-0.2,1.0)",0.3751287,0.1920407,0.0368796,0.5016,0.8622,0.3557,-0.0994,0.2612
MOD13A3_061__1_km_monthly_NDVI_doy2023121000000_aid0001,_1_km_monthly_NDVI,aid0001,2023-05-01,4181997.0,-0.2,1.0,"(-0.2,1.0)",0.380202,0.2048143,0.0419489,0.5131,0.9127,0.3524,-0.1529,0.2467
MOD13A3_061__1_km_monthly_NDVI_doy2023152000000_aid0001,_1_km_monthly_NDVI,aid0001,2023-06-01,4182312.0,-0.2,1.0,"(-0.2,1.0)",0.4088528,0.2112327,0.0446192,0.5487,0.9789,0.3779,-0.1683,0.2619
MOD13A3_061__1_km_monthly_NDVI_doy2023182000000_aid0001,_1_km_monthly_NDVI,aid0001,2023-07-01,4182149.0,-0.2,1.0,"(-0.2,1.0)",0.503432,0.2283267,0.0521331,0.6775,1.0,0.5268,-0.1177,0.3594
MOD13A3_061__1_km_monthly_NDVI_doy2023213000000_aid0001,_1_km_monthly_NDVI,aid0001,2023-08-01,4181869.0,-0.2,1.0,"(-0.2,1.0)",0.5895459,0.2134785,0.0455731,0.748,1.0,0.6371,0.0783,0.4801
MOD13A3_061__1_km_monthly_NDVI_doy2023244000000_aid0001,_1_km_monthly_NDVI,aid0001,2023-09-01,4179699.0,-0.2,1.0,"(-0.2,1.0)",0.6124562,0.2176842,0.0473864,0.7716,1.0,0.6781,0.1066,0.5056
MOD13A3_061__1_km_monthly_NDVI_doy2023274000000_aid0001,_1_km_monthly_NDVI,aid0001,2023-10-01,4176267.0,-0.2,1.0,"(-0.2,1.0)",0.5675872,0.2239676,0.0501615,0.7372,1.0,0.6162,-0.014,0.4367
MOD13A3_061__1_km_monthly_NDVI_doy2023305000000_aid0001,_1_km_monthly_NDVI,aid0001,2023-11-01,4177832.0,-0.2,1.0,"(-0.2,1.0)",0.4886543,0.218024,0.0475345,0.6432,1.0,0.4971,-0.0913,0.3494
MOD13A3_061__1_km_monthly_NDVI_doy2023335000000_aid0001,_1_km_monthly_NDVI,aid0001,2023-12-01,4179067.0,-0.2,1.0,"(-0.2,1.0)",0.498339,0.2083566,0.0434125,0.6383,1.0,0.5133,0.0171,0.3898
MOD13A3_061__1_km_monthly_NDVI_doy2024001000000_aid0001,_1_km_monthly_NDVI,aid0001,2024-01-01,4178399.0,-0.2,1.0,"(-0.2,1.0)",0.4855292,0.2137529,0.0456903,0.6426,1.0,0.5039,-0.0466,0.3669
MOD13A3_061__1_km_monthly_NDVI_doy2024032000000_aid0001,_1_km_monthly_NDVI,aid0001,2024-02-01,4179789.0,-0.2,1.0,"(-0.2,1.0)",0.4679123,0.2078745,0.0432118,0.6241,1.0,0.4739,-0.0681,0.3472
MOD13A3_061__1_km_monthly_NDVI_doy2024061000000_aid0001,_1_km_monthly_NDVI,aid0001,2024-03-01,4180011.0,-0.2,1.0,"(-0.2,1.0)",0.4205303,0.2053663,0.0421753,0.5656,0.9663,0.4199,-0.1026,0.2983
MOD13A3_061__1_km_monthly_NDVI_doy2024092000000_aid0001,_1_km_monthly_NDVI,aid0001,2024-04-01,4181285.0,-0.2,1.0,"(-0.2,1.0)",0.3708378,0.1925222,0.0370648,0.4934,0.8501,0.3473,-0.1011,0.2556
MOD13A3_061__1_km_monthly_NDVI_doy2024122000000_aid0001,_1_km_monthly_NDVI,aid0001,2024-05-01,4182055.0,-0.2,1.0,"(-0.2,1.0)",0.3661899,0.2012206,0.0404897,0.4929,0.8833,0.329,-0.1578,0.2326
MOD13A3_061__1_km_monthly_NDVI_doy2024153000000_aid0001,_1_km_monthly_NDVI,aid0001,2024-06-01,4181955.0,-0.2,1.0,"(-0.2,1.0)",0.4157605,0.2173176,0.0472269,0.5695,1.0,0.3994,-0.2,0.2507
MOD13A3_061__1_km_monthly_NDVI_doy2024183000000_aid0001,_1_km_monthly_NDVI,aid0001,2024-07-01,4181997.0,-0.2,1.0,"(-0.2,1.0)",0.4889549,0.2312301,0.0534674,0.6672,1.0,0.5125,-0.1873,0.3254
MOD13A3_061__1_km_monthly_NDVI_doy2024214000000_aid0001,_1_km_monthly_NDVI,aid0001,2024-08-01,4182117.0,-0.2,1.0,"(-0.2,1.0)",0.6299308,0.222555,0.0495307,0.7932,1.0,0.6972,0.1457,0.5342
MOD13A3_061__1_km_monthly_NDVI_doy2024245000000_aid0001,_1_km_monthly_NDVI,aid0001,2024-09-01,4181101.0,-0.2,1.0,"(-0.2,1.0)",0.6514431,0.2151008,0.0462684,0.7995,1.0,0.7203,0.2378,0.5748
MOD13A3_061__1_km_monthly_NDVI_doy2024275000000_aid0001,_1_km_monthly_NDVI,aid0001,2024-10-01,4178948.0,-0.2,1.0,"(-0.2,1.0)",0.6082817,0.2157383,0.046543,0.7664,1.0,0.6633,0.1162,0.5063
MOD13A3_061__1_km_monthly_NDVI_doy2024306000000_aid0001,_1_km_monthly_NDVI,aid0001,2024-11-01,4177877.0,-0.2,1.0,"(-0.2,1.0)",0.5055203,0.2174098,0.047267,0.6628,1.0,0.525,-0.0912,0.3612
MOD13A3_061__1_km_monthly_NDVI_doy2024336000000_aid0001,_1_km_monthly_NDVI,aid0001,2024-12-01,4179701.0,-0.2,1.0,"(-0.2,1.0)",0.4805583,0.2077191,0.0431472,0.6213,1.0,0.486,-0.0192,0.3651
MOD13A3_061__1_km_monthly_NDVI_doy2025001000000_aid0001,_1_km_monthly_NDVI,aid0001,2025-01-01,4176652.0,-0.2,1.0,"(-0.2,1.0)",0.4931899,0.2165084,0.0468759,0.6529,1.0,0.5167,-0.0203,0.3836
MOD13A3_061__1_km_monthly_NDVI_doy2025032000000_aid0001,_1_km_monthly_NDVI,aid0001,2025-02-01,4179535.0,-0.2,1.0,"(-0.2,1.0)",0.4692266,0.2100327,0.0441137,0.628,1.0,0.4789,-0.0572,0.3539
MOD13A3_061__1_km_monthly_NDVI_doy2025060000000_aid0001,_1_km_monthly_NDVI,aid0001,2025-03-01,4180249.0,-0.2,1.0,"(-0.2,1.0)",0.4233549,0.2016275,0.0406537,0.563,0.9446,0.4218,-0.073,0.3086
MOD13A3_061__1_km_monthly_NDVI_doy2025091000000_aid0001,_1_km_monthly_NDVI,aid0001,2025-04-01,4182204.0,-0.2,1.0,"(-0.2,1.0)",0.3737213,0.1931211,0.0372958,0.4986,0.8649,0.3491,-0.1119,0.2544
MOD13A3_061__1_km_monthly_NDVI_doy2025121000000_aid0001,_1_km_monthly_NDVI,aid0001,2025-05-01,4182212.0,-0.2,1.0,"(-0.2,1.0)",0.3980987,0.2091115,0.0437276,0.5494,1.0,0.3725,-0.2,0.2477
MOD13A3_061__1_km_monthly_NDVI_doy2025152000000_aid0001,_1_km_monthly_NDVI,aid0001,2025-06-01,4181993.0,-0.2,1.0,"(-0.2,1.0)",0.4571954,0.2192104,0.0480532,0.6223,1.0,0.4548,-0.1957,0.2951
MOD13A3_061__1_km_monthly_NDVI_doy2025182000000_aid0001,_1_km_monthly_NDVI,aid0001,2025-07-01,4182256.0,-0.2,1.0,"(-0.2,1.0)",0.5519743,0.2209577,0.0488223,0.7208,1.0,0.5855,-0.0154,0.4263
MOD13A3_061__1_km_monthly_NDVI_doy2025213000000_aid0001,_1_km_monthly_NDVI,aid0001,2025-08-01,4182296.0,-0.2,1.0,"(-0.2,1.0)",0.6358133,0.2156698,0.0465135,0.788,1.0,0.7009,0.2018,0.5535
MOD13A3_061__1_km_monthly_NDVI_doy2025244000000_aid0001,_1_km_monthly_NDVI,aid0001,2025-09-01,4181234.0,-0.2,1.0,"(-0.2,1.0)",0.6494694,0.2147904,0.0461349,0.7973,1.0,0.7172,0.2316,0.571
MOD13A3_061__1_km_monthly_NDVI_doy2025274000000_aid0001,_1_km_monthly_NDVI,aid0001,2025-10-01,4178014.0,-0.2,1.0,"(-0.2,1.0)",0.5927271,0.2215644,0.0490908,0.7601,1.0,0.6464,0.0559,0.4784
MOD13A3_061__1_km_monthly_NDVI_doy2025305000000_aid0001,_1_km_monthly_NDVI,aid0001,2025-11-01,4175756.0,-0.2,1.0,"(-0.2,1.0)",0.5243049,0.2169755,0.0470784,0.6777,1.0,0.5479,-0.021,0.3982
MOD13A3_061__1_km_monthly_NDVI_doy2025335000000_aid0001,_1_km_monthly_NDVI,aid0001,2025-12-01,4177183.0,-0.2,1.0,"(-0.2,1.0)",0.5085139,0.2022222,0.0408938,0.6456,1.0,0.5229,0.0404,0.4035
