Value,MODLAND,VI Usefulness,Aerosol Quantity,Adjacent cloud detected,Atmosphere BRDF Correction,Mixed Clouds,Land/Water Mask,Possible snow/ice,Possible shadow
2057,"VI produced, but check other QA",Decreasing quality (0010),Climatology,No,No,No,Land (Nothing else but land),No,No
2058,"Pixel produced, but most probably cloudy",Decreasing quality (0010),Climatology,No,No,No,Land (Nothing else but land),No,No
2061,"VI produced, but check other QA",Decreasing quality (0011),Climatology,No,No,No,Land (Nothing else but land),No,No
2062,"Pixel produced, but most probably cloudy",Decreasing quality (0011),Climatology,No,No,No,Land (Nothing else but land),No,No
2065,"VI produced, but check other QA",Decreasing quality (0100),Climatology,No,No,No,Land (Nothing else but land),No,No
2066,"Pixel produced, but most probably cloudy",Decreasing quality (0100),Climatology,No,No,No,Land (Nothing else but land),No,No
2111,Pixel not produced due to other reasons than clouds,Not useful for any other reason/not processed,Climatology,No,No,No,Land (Nothing else but land),No,No
2112,"VI produced, good quality",Highest quality,Low,No,No,No,Land (Nothing else but land),No,No
2114,"Pixel produced, but most probably cloudy",Highest quality,Low,No,No,No,Land (Nothing else but land),No,No
2116,"VI produced, good quality",Lower quality,Low,No,No,No,Land (Nothing else but land),No,No
2118,"Pixel produced, but most probably cloudy",Lower quality,Low,No,No,No,Land (Nothing else but land),No,No
2120,"VI produced, good quality",Decreasing quality (0010),Low,No,No,No,Land (Nothing else but land),No,No
2122,"Pixel produced, but most probably cloudy",Decreasing quality (0010),Low,No,No,No,Land (Nothing else but land),No,No
2175,Pixel not produced due to other reasons than clouds,Not useful for any other reason/not processed,Low,No,No,No,Land (Nothing else but land),No,No
2181,"VI produced, but check other QA",Lower quality,Average,No,No,No,Land (Nothing else but land),No,No
2182,"Pixel produced, but most probably cloudy",Lower quality,Average,No,No,No,Land (Nothing else but land),No,No
2185,"VI produced, but check other QA",Decreasing quality (0010),Average,No,No,No,Land (Nothing else but land),No,No
2186,"Pixel produced, but most probably cloudy",Decreasing quality (0010),Average,No,No,No,Land (Nothing else but land),No,No
2189,"VI produced, but check other QA",Decreasing quality (0011),Average,No,No,No,Land (Nothing else but land),No,No
2190,"Pixel produced, but most probably cloudy",Decreasing quality (0011),Average,No,No,No,Land (Nothing else but land),No,No
2239,Pixel not produced due to other reasons than clouds,Not useful for any other reason/not processed,Average,No,No,No,Land (Nothing else but land),No,No
2253,"VI produced, but check other QA",Decreasing quality (0011),High,No,No,No,Land (Nothing else but land),No,No
2254,"Pixel produced, but most probably cloudy",Decreasing quality (0011),High,No,No,No,Land (Nothing else but land),No,No
2257,"VI produced, but check other QA",Decreasing quality (0100),High,No,No,No,Land (Nothing else but land),No,No
2258,"Pixel produced, but most probably cloudy",Decreasing quality (0100),High,No,No,No,Land (Nothing else but land),No,No
2261,"VI produced, but check other QA",Decreasing quality (0101),High,No,No,No,Land (Nothing else but land),No,No
2262,"Pixel produced, but most probably cloudy",Decreasing quality (0101),High,No,No,No,Land (Nothing else but land),No,No
2303,Pixel not produced due to other reasons than clouds,Not useful for any other reason/not processed,High,No,No,No,Land (Nothing else but land),No,No
2317,"VI produced, but check other QA",Decreasing quality (0011),Climatology,Yes,No,No,Land (Nothing else but land),No,No
2318,"Pixel produced, but most probably cloudy",Decreasing quality (0011),Climatology,Yes,No,No,Land (Nothing else but land),No,No
2321,"VI produced, but check other QA",Decreasing quality (0100),Climatology,Yes,No,No,Land (Nothing else but land),No,No
2322,"Pixel produced, but most probably cloudy",Decreasing quality (0100),Climatology,Yes,No,No,Land (Nothing else but land),No,No
2325,"VI produced, but check other QA",Decreasing quality (0101),Climatology,Yes,No,No,Land (Nothing else but land),No,No
2326,"Pixel produced, but most probably cloudy",Decreasing quality (0101),Climatology,Yes,No,No,Land (Nothing else but land),No,No
2367,Pixel not produced due to other reasons than clouds,Not useful for any other reason/not processed,Climatology,Yes,No,No,Land (Nothing else but land),No,No
2372,"VI produced, good quality",Lower quality,Low,Yes,No,No,Land (Nothing else but land),No,No
2374,"Pixel produced, but most probably cloudy",Lower quality,Low,Yes,No,No,Land (Nothing else but land),No,No
2376,"VI produced, good quality",Decreasing quality (0010),Low,Yes,No,No,Land (Nothing else but land),No,No
2378,"Pixel produced, but most probably cloudy",Decreasing quality (0010),Low,Yes,No,No,Land (Nothing else but land),No,No
2380,"VI produced, good quality",Decreasing quality (0011),Low,Yes,No,No,Land (Nothing else but land),No,No
2382,"Pixel produced, but most probably cloudy",Decreasing quality (0011),Low,Yes,No,No,Land (Nothing else but land),No,No
2431,Pixel not produced due to other reasons than clouds,Not useful for any other reason/not processed,Low,Yes,No,No,Land (Nothing else but land),No,No
2441,"VI produced, but check other QA",Decreasing quality (0010),Average,Yes,No,No,Land (Nothing else but land),No,No
2442,"Pixel produced, but most probably cloudy",Decreasing quality (0010),Average,Yes,No,No,Land (Nothing else but land),No,No
2445,"VI produced, but check other QA",Decreasing quality (0011),Average,Yes,No,No,Land (Nothing else but land),No,No
2446,"Pixel produced, but most probably cloudy",Decreasing quality (0011),Average,Yes,No,No,Land (Nothing else but land),No,No
2449,"VI produced, but check other QA",Decreasing quality (0100),Average,Yes,No,No,Land (Nothing else but land),No,No
2450,"Pixel produced, but most probably cloudy",Decreasing quality (0100),Average,Yes,No,No,Land (Nothing else but land),No,No
2495,Pixel not produced due to other reasons than clouds,Not useful for any other reason/not processed,Average,Yes,No,No,Land (Nothing else but land),No,No
2513,"VI produced, but check other QA",Decreasing quality (0100),High,Yes,No,No,Land (Nothing else but land),No,No
2514,"Pixel produced, but most probably cloudy",Decreasing quality (0100),High,Yes,No,No,Land (Nothing else but land),No,No
2517,"VI produced, but check other QA",Decreasing quality (0101),High,Yes,No,No,Land (Nothing else but land),No,No
2518,"Pixel produced, but most probably cloudy",Decreasing quality (0101),High,Yes,No,No,Land (Nothing else but land),No,No
2521,"VI produced, but check other QA",Decreasing quality (0110),High,Yes,No,No,Land (Nothing else but land),No,No
2522,"Pixel produced, but most probably cloudy",Decreasing quality (0110),High,Yes,No,No,Land (Nothing else but land),No,No
2559,Pixel not produced due to other reasons than clouds,Not useful for any other reason/not processed,High,Yes,No,No,Land (Nothing else but land),No,No
3094,"Pixel produced, but most probably cloudy",Decreasing quality (0101),Climatology,No,No,Yes,Land (Nothing else but land),No,No
3098,"Pixel produced, but most probably cloudy",Decreasing quality (0110),Climatology,No,No,Yes,Land (Nothing else but land),No,No
3102,"Pixel produced, but most probably cloudy",Decreasing quality (0111),Climatology,No,No,Yes,Land (Nothing else but land),No,No
3150,"Pixel produced, but most probably cloudy",Decreasing quality (0011),Low,No,No,Yes,Land (Nothing else but land),No,No
3154,"Pixel produced, but most probably cloudy",Decreasing quality (0100),Low,No,No,Yes,Land (Nothing else but land),No,No
3158,"Pixel produced, but most probably cloudy",Decreasing quality (0101),Low,No,No,Yes,Land (Nothing else but land),No,No
3218,"Pixel produced, but most probably cloudy",Decreasing quality (0100),Average,No,No,Yes,Land (Nothing else but land),No,No
3222,"Pixel produced, but most probably cloudy",Decreasing quality (0101),Average,No,No,Yes,Land (Nothing else but land),No,No
3226,"Pixel produced, but most probably cloudy",Decreasing quality (0110),Average,No,No,Yes,Land (Nothing else but land),No,No
3290,"Pixel produced, but most probably cloudy",Decreasing quality (0110),High,No,No,Yes,Land (Nothing else but land),No,No
3294,"Pixel produced, but most probably cloudy",Decreasing quality (0111),High,No,No,Yes,Land (Nothing else but land),No,No
3298,"Pixel produced, but most probably cloudy",Decreasing quality (1000),High,No,No,Yes,Land (Nothing else but land),No,No
3354,"Pixel produced, but most probably cloudy",Decreasing quality (0110),Climatology,Yes,No,Yes,Land (Nothing else but land),No,No
3358,"Pixel produced, but most probably cloudy",Decreasing quality (0111),Climatology,Yes,No,Yes,Land (Nothing else but land),No,No
3362,"Pixel produced, but most probably cloudy",Decreasing quality (1000),Climatology,Yes,No,Yes,Land (Nothing else but land),No,No
3410,"Pixel produced, but most probably cloudy",Decreasing quality (0100),Low,Yes,No,Yes,Land (Nothing else but land),No,No
3414,"Pixel produced, but most probably cloudy",Decreasing quality (0101),Low,Yes,No,Yes,Land (Nothing else but land),No,No
3418,"Pixel produced, but most probably cloudy",Decreasing quality (0110),Low,Yes,No,Yes,Land (Nothing else but land),No,No
3478,"Pixel produced, but most probably cloudy",Decreasing quality (0101),Average,Yes,No,Yes,Land (Nothing else but land),No,No
3482,"Pixel produced, but most probably cloudy",Decreasing quality (0110),Average,Yes,No,Yes,Land (Nothing else but land),No,No
3486,"Pixel produced, but most probably cloudy",Decreasing quality (0111),Average,Yes,No,Yes,Land (Nothing else but land),No,No
3550,"Pixel produced, but most probably cloudy",Decreasing quality (0111),High,Yes,No,Yes,Land (Nothing else but land),No,No
3554,"Pixel produced, but most probably cloudy",Decreasing quality (1000),High,Yes,No,Yes,Land (Nothing else but land),No,No
3558,"Pixel produced, but most probably cloudy",Decreasing quality (1001),High,Yes,No,Yes,Land (Nothing else but land),No,No
4105,"VI produced, but check other QA",Decreasing quality (0010),Climatology,No,No,No,Ocean coastlines and lake shorelines,No,No
4106,"Pixel produced, but most probably cloudy",Decreasing quality (0010),Climatology,No,No,No,Ocean coastlines and lake shorelines,No,No
4109,"VI produced, but check other QA",Decreasing quality (0011),Climatology,No,No,No,Ocean coastlines and lake shorelines,No,No
4110,"Pixel produced, but most probably cloudy",Decreasing quality (0011),Climatology,No,No,No,Ocean coastlines and lake shorelines,No,No
4113,"VI produced, but check other QA",Decreasing quality (0100),Climatology,No,No,No,Ocean coastlines and lake shorelines,No,No
4114,"Pixel produced, but most probably cloudy",Decreasing quality (0100),Climatology,No,No,No,Ocean coastlines and lake shorelines,No,No
4159,Pixel not produced due to other reasons than clouds,Not useful for any other reason/not processed,Climatology,No,No,No,Ocean coastlines and lake shorelines,No,No
4160,"VI produced, good quality",Highest quality,Low,No,No,No,Ocean coastlines and lake shorelines,No,No
4162,"Pixel produced, but most probably cloudy",Highest quality,Low,No,No,No,Ocean coastlines and lake shorelines,No,No
4164,"VI produced, good quality",Lower quality,Low,No,No,No,Ocean coastlines and lake shorelines,No,No
4166,"Pixel produced, but most probably cloudy",Lower quality,Low,No,No,No,Ocean coastlines and lake shorelines,No,No
4168,"VI produced, good quality",Decreasing quality (0010),Low,No,No,No,Ocean coastlines and lake shorelines,No,No
4170,"Pixel produced, but most probably cloudy",Decreasing quality (0010),Low,No,No,No,Ocean coastlines and lake shorelines,No,No
4223,Pixel not produced due to other reasons than clouds,Not useful for any other reason/not processed,Low,No,No,No,Ocean coastlines and lake shorelines,No,No
4233,"VI produced, but check other QA",Decreasing quality (0010),Average,No,No,No,Ocean coastlines and lake shorelines,No,No
4234,"Pixel produced, but most probably cloudy",Decreasing quality (0010),Average,No,No,No,Ocean coastlines and lake shorelines,No,No
4237,"VI produced, but check other QA",Decreasing quality (0011),Average,No,No,No,Ocean coastlines and lake shorelines,No,No
4238,"Pixel produced, but most probably cloudy",Decreasing quality (0011),Average,No,No,No,Ocean coastlines and lake shorelines,No,No
4305,"VI produced, but check other QA",Decreasing quality (0100),High,No,No,No,Ocean coastlines and lake shorelines,No,No
4309,"VI produced, but check other QA",Decreasing quality (0101),High,No,No,No,Ocean coastlines and lake shorelines,No,No
4365,"VI produced, but check other QA",Decreasing quality (0011),Climatology,Yes,No,No,Ocean coastlines and lake shorelines,No,No
4366,"Pixel produced, but most probably cloudy",Decreasing quality (0011),Climatology,Yes,No,No,Ocean coastlines and lake shorelines,No,No
4369,"VI produced, but check other QA",Decreasing quality (0100),Climatology,Yes,No,No,Ocean coastlines and lake shorelines,No,No
4370,"Pixel produced, but most probably cloudy",Decreasing quality (0100),Climatology,Yes,No,No,Ocean coastlines and lake shorelines,No,No
4373,"VI produced, but check other QA",Decreasing quality (0101),Climatology,Yes,No,No,Ocean coastlines and lake shorelines,No,No
4374,"Pixel produced, but most probably cloudy",Decreasing quality (0101),Climatology,Yes,No,No,Ocean coastlines and lake shorelines,No,No
4415,Pixel not produced due to other reasons than clouds,Not useful for any other reason/not processed,Climatology,Yes,No,No,Ocean coastlines and lake shorelines,No,No
5142,"Pixel produced, but most probably cloudy",Decreasing quality (0101),Climatology,No,No,Yes,Ocean coastlines and lake shorelines,No,No
5146,"Pixel produced, but most probably cloudy",Decreasing quality (0110),Climatology,No,No,Yes,Ocean coastlines and lake shorelines,No,No
5150,"Pixel produced, but most probably cloudy",Decreasing quality (0111),Climatology,No,No,Yes,Ocean coastlines and lake shorelines,No,No
5198,"Pixel produced, but most probably cloudy",Decreasing quality (0011),Low,No,No,Yes,Ocean coastlines and lake shorelines,No,No
5202,"Pixel produced, but most probably cloudy",Decreasing quality (0100),Low,No,No,Yes,Ocean coastlines and lake shorelines,No,No
5206,"Pixel produced, but most probably cloudy",Decreasing quality (0101),Low,No,No,Yes,Ocean coastlines and lake shorelines,No,No
5270,"Pixel produced, but most probably cloudy",Decreasing quality (0101),Average,No,No,Yes,Ocean coastlines and lake shorelines,No,No
5274,"Pixel produced, but most probably cloudy",Decreasing quality (0110),Average,No,No,Yes,Ocean coastlines and lake shorelines,No,No
5346,"Pixel produced, but most probably cloudy",Decreasing quality (1000),High,No,No,Yes,Ocean coastlines and lake shorelines,No,No
5402,"Pixel produced, but most probably cloudy",Decreasing quality (0110),Climatology,Yes,No,Yes,Ocean coastlines and lake shorelines,No,No
5406,"Pixel produced, but most probably cloudy",Decreasing quality (0111),Climatology,Yes,No,Yes,Ocean coastlines and lake shorelines,No,No
5410,"Pixel produced, but most probably cloudy",Decreasing quality (1000),Climatology,Yes,No,Yes,Ocean coastlines and lake shorelines,No,No
6153,"VI produced, but check other QA",Decreasing quality (0010),Climatology,No,No,No,Shallow inland water,No,No
6154,"Pixel produced, but most probably cloudy",Decreasing quality (0010),Climatology,No,No,No,Shallow inland water,No,No
6157,"VI produced, but check other QA",Decreasing quality (0011),Climatology,No,No,No,Shallow inland water,No,No
6158,"Pixel produced, but most probably cloudy",Decreasing quality (0011),Climatology,No,No,No,Shallow inland water,No,No
6161,"VI produced, but check other QA",Decreasing quality (0100),Climatology,No,No,No,Shallow inland water,No,No
6162,"Pixel produced, but most probably cloudy",Decreasing quality (0100),Climatology,No,No,No,Shallow inland water,No,No
6207,Pixel not produced due to other reasons than clouds,Not useful for any other reason/not processed,Climatology,No,No,No,Shallow inland water,No,No
6208,"VI produced, good quality",Highest quality,Low,No,No,No,Shallow inland water,No,No
6210,"Pixel produced, but most probably cloudy",Highest quality,Low,No,No,No,Shallow inland water,No,No
6212,"VI produced, good quality",Lower quality,Low,No,No,No,Shallow inland water,No,No
6214,"Pixel produced, but most probably cloudy",Lower quality,Low,No,No,No,Shallow inland water,No,No
6216,"VI produced, good quality",Decreasing quality (0010),Low,No,No,No,Shallow inland water,No,No
6218,"Pixel produced, but most probably cloudy",Decreasing quality (0010),Low,No,No,No,Shallow inland water,No,No
6271,Pixel not produced due to other reasons than clouds,Not useful for any other reason/not processed,Low,No,No,No,Shallow inland water,No,No
6277,"VI produced, but check other QA",Lower quality,Average,No,No,No,Shallow inland water,No,No
6281,"VI produced, but check other QA",Decreasing quality (0010),Average,No,No,No,Shallow inland water,No,No
6282,"Pixel produced, but most probably cloudy",Decreasing quality (0010),Average,No,No,No,Shallow inland water,No,No
6285,"VI produced, but check other QA",Decreasing quality (0011),Average,No,No,No,Shallow inland water,No,No
6349,"VI produced, but check other QA",Decreasing quality (0011),High,No,No,No,Shallow inland water,No,No
6350,"Pixel produced, but most probably cloudy",Decreasing quality (0011),High,No,No,No,Shallow inland water,No,No
6353,"VI produced, but check other QA",Decreasing quality (0100),High,No,No,No,Shallow inland water,No,No
6354,"Pixel produced, but most probably cloudy",Decreasing quality (0100),High,No,No,No,Shallow inland water,No,No
6357,"VI produced, but check other QA",Decreasing quality (0101),High,No,No,No,Shallow inland water,No,No
6358,"Pixel produced, but most probably cloudy",Decreasing quality (0101),High,No,No,No,Shallow inland water,No,No
6399,Pixel not produced due to other reasons than clouds,Not useful for any other reason/not processed,High,No,No,No,Shallow inland water,No,No
6413,"VI produced, but check other QA",Decreasing quality (0011),Climatology,Yes,No,No,Shallow inland water,No,No
6414,"Pixel produced, but most probably cloudy",Decreasing quality (0011),Climatology,Yes,No,No,Shallow inland water,No,No
6417,"VI produced, but check other QA",Decreasing quality (0100),Climatology,Yes,No,No,Shallow inland water,No,No
6418,"Pixel produced, but most probably cloudy",Decreasing quality (0100),Climatology,Yes,No,No,Shallow inland water,No,No
6421,"VI produced, but check other QA",Decreasing quality (0101),Climatology,Yes,No,No,Shallow inland water,No,No
6422,"Pixel produced, but most probably cloudy",Decreasing quality (0101),Climatology,Yes,No,No,Shallow inland water,No,No
6463,Pixel not produced due to other reasons than clouds,Not useful for any other reason/not processed,Climatology,Yes,No,No,Shallow inland water,No,No
6468,"VI produced, good quality",Lower quality,Low,Yes,No,No,Shallow inland water,No,No
6472,"VI produced, good quality",Decreasing quality (0010),Low,Yes,No,No,Shallow inland water,No,No
6527,Pixel not produced due to other reasons than clouds,Not useful for any other reason/not processed,Low,Yes,No,No,Shallow inland water,No,No
6537,"VI produced, but check other QA",Decreasing quality (0010),Average,Yes,No,No,Shallow inland water,No,No
6541,"VI produced, but check other QA",Decreasing quality (0011),Average,Yes,No,No,Shallow inland water,No,No
6545,"VI produced, but check other QA",Decreasing quality (0100),Average,Yes,No,No,Shallow inland water,No,No
6609,"VI produced, but check other QA",Decreasing quality (0100),High,Yes,No,No,Shallow inland water,No,No
6610,"Pixel produced, but most probably cloudy",Decreasing quality (0100),High,Yes,No,No,Shallow inland water,No,No
6613,"VI produced, but check other QA",Decreasing quality (0101),High,Yes,No,No,Shallow inland water,No,No
6614,"Pixel produced, but most probably cloudy",Decreasing quality (0101),High,Yes,No,No,Shallow inland water,No,No
6617,"VI produced, but check other QA",Decreasing quality (0110),High,Yes,No,No,Shallow inland water,No,No
6618,"Pixel produced, but most probably cloudy",Decreasing quality (0110),High,Yes,No,No,Shallow inland water,No,No
6655,Pixel not produced due to other reasons than clouds,Not useful for any other reason/not processed,High,Yes,No,No,Shallow inland water,No,No
7190,"Pixel produced, but most probably cloudy",Decreasing quality (0101),Climatology,No,No,Yes,Shallow inland water,No,No
7194,"Pixel produced, but most probably cloudy",Decreasing quality (0110),Climatology,No,No,Yes,Shallow inland water,No,No
7198,"Pixel produced, but most probably cloudy",Decreasing quality (0111),Climatology,No,No,Yes,Shallow inland water,No,No
7246,"Pixel produced, but most probably cloudy",Decreasing quality (0011),Low,No,No,Yes,Shallow inland water,No,No
7250,"Pixel produced, but most probably cloudy",Decreasing quality (0100),Low,No,No,Yes,Shallow inland water,No,No
7254,"Pixel produced, but most probably cloudy",Decreasing quality (0101),Low,No,No,Yes,Shallow inland water,No,No
7318,"Pixel produced, but most probably cloudy",Decreasing quality (0101),Average,No,No,Yes,Shallow inland water,No,No
7322,"Pixel produced, but most probably cloudy",Decreasing quality (0110),Average,No,No,Yes,Shallow inland water,No,No
7386,"Pixel produced, but most probably cloudy",Decreasing quality (0110),High,No,No,Yes,Shallow inland water,No,No
7390,"Pixel produced, but most probably cloudy",Decreasing quality (0111),High,No,No,Yes,Shallow inland water,No,No
7394,"Pixel produced, but most probably cloudy",Decreasing quality (1000),High,No,No,Yes,Shallow inland water,No,No
7450,"Pixel produced, but most probably cloudy",Decreasing quality (0110),Climatology,Yes,No,Yes,Shallow inland water,No,No
7454,"Pixel produced, but most probably cloudy",Decreasing quality (0111),Climatology,Yes,No,Yes,Shallow inland water,No,No
7458,"Pixel produced, but most probably cloudy",Decreasing quality (1000),Climatology,Yes,No,Yes,Shallow inland water,No,No
7646,"Pixel produced, but most probably cloudy",Decreasing quality (0111),High,Yes,No,Yes,Shallow inland water,No,No
7650,"Pixel produced, but most probably cloudy",Decreasing quality (1000),High,Yes,No,Yes,Shallow inland water,No,No
7654,"Pixel produced, but most probably cloudy",Decreasing quality (1001),High,Yes,No,Yes,Shallow inland water,No,No
18445,"VI produced, but check other QA",Decreasing quality (0011),Climatology,No,No,No,Land (Nothing else but land),Yes,No
18446,"Pixel produced, but most probably cloudy",Decreasing quality (0011),Climatology,No,No,No,Land (Nothing else but land),Yes,No
18449,"VI produced, but check other QA",Decreasing quality (0100),Climatology,No,No,No,Land (Nothing else but land),Yes,No
18450,"Pixel produced, but most probably cloudy",Decreasing quality (0100),Climatology,No,No,No,Land (Nothing else but land),Yes,No
18453,"VI produced, but check other QA",Decreasing quality (0101),Climatology,No,No,No,Land (Nothing else but land),Yes,No
18454,"Pixel produced, but most probably cloudy",Decreasing quality (0101),Climatology,No,No,No,Land (Nothing else but land),Yes,No
18500,"VI produced, good quality",Lower quality,Low,No,No,No,Land (Nothing else but land),Yes,No
18504,"VI produced, good quality",Decreasing quality (0010),Low,No,No,No,Land (Nothing else but land),Yes,No
18569,"VI produced, but check other QA",Decreasing quality (0010),Average,No,No,No,Land (Nothing else but land),Yes,No
18573,"VI produced, but check other QA",Decreasing quality (0011),Average,No,No,No,Land (Nothing else but land),Yes,No
18577,"VI produced, but check other QA",Decreasing quality (0100),Average,No,No,No,Land (Nothing else but land),Yes,No
18641,"VI produced, but check other QA",Decreasing quality (0100),High,No,No,No,Land (Nothing else but land),Yes,No
18642,"Pixel produced, but most probably cloudy",Decreasing quality (0100),High,No,No,No,Land (Nothing else but land),Yes,No
18645,"VI produced, but check other QA",Decreasing quality (0101),High,No,No,No,Land (Nothing else but land),Yes,No
18646,"Pixel produced, but most probably cloudy",Decreasing quality (0101),High,No,No,No,Land (Nothing else but land),Yes,No
18649,"VI produced, but check other QA",Decreasing quality (0110),High,No,No,No,Land (Nothing else but land),Yes,No
18650,"Pixel produced, but most probably cloudy",Decreasing quality (0110),High,No,No,No,Land (Nothing else but land),Yes,No
18705,"VI produced, but check other QA",Decreasing quality (0100),Climatology,Yes,No,No,Land (Nothing else but land),Yes,No
18706,"Pixel produced, but most probably cloudy",Decreasing quality (0100),Climatology,Yes,No,No,Land (Nothing else but land),Yes,No
18709,"VI produced, but check other QA",Decreasing quality (0101),Climatology,Yes,No,No,Land (Nothing else but land),Yes,No
18710,"Pixel produced, but most probably cloudy",Decreasing quality (0101),Climatology,Yes,No,No,Land (Nothing else but land),Yes,No
18713,"VI produced, but check other QA",Decreasing quality (0110),Climatology,Yes,No,No,Land (Nothing else but land),Yes,No
18714,"Pixel produced, but most probably cloudy",Decreasing quality (0110),Climatology,Yes,No,No,Land (Nothing else but land),Yes,No
18760,"VI produced, good quality",Decreasing quality (0010),Low,Yes,No,No,Land (Nothing else but land),Yes,No
18764,"VI produced, good quality",Decreasing quality (0011),Low,Yes,No,No,Land (Nothing else but land),Yes,No
18829,"VI produced, but check other QA",Decreasing quality (0011),Average,Yes,No,No,Land (Nothing else but land),Yes,No
18833,"VI produced, but check other QA",Decreasing quality (0100),Average,Yes,No,No,Land (Nothing else but land),Yes,No
18837,"VI produced, but check other QA",Decreasing quality (0101),Average,Yes,No,No,Land (Nothing else but land),Yes,No
18901,"VI produced, but check other QA",Decreasing quality (0101),High,Yes,No,No,Land (Nothing else but land),Yes,No
18902,"Pixel produced, but most probably cloudy",Decreasing quality (0101),High,Yes,No,No,Land (Nothing else but land),Yes,No
18905,"VI produced, but check other QA",Decreasing quality (0110),High,Yes,No,No,Land (Nothing else but land),Yes,No
18906,"Pixel produced, but most probably cloudy",Decreasing quality (0110),High,Yes,No,No,Land (Nothing else but land),Yes,No
18909,"VI produced, but check other QA",Decreasing quality (0111),High,Yes,No,No,Land (Nothing else but land),Yes,No
18910,"Pixel produced, but most probably cloudy",Decreasing quality (0111),High,Yes,No,No,Land (Nothing else but land),Yes,No
19478,"Pixel produced, but most probably cloudy",Decreasing quality (0101),Climatology,No,No,Yes,Land (Nothing else but land),Yes,No
19482,"Pixel produced, but most probably cloudy",Decreasing quality (0110),Climatology,No,No,Yes,Land (Nothing else but land),Yes,No
19486,"Pixel produced, but most probably cloudy",Decreasing quality (0111),Climatology,No,No,Yes,Land (Nothing else but land),Yes,No
19490,"Pixel produced, but most probably cloudy",Decreasing quality (1000),Climatology,No,No,Yes,Land (Nothing else but land),Yes,No
19606,"Pixel produced, but most probably cloudy",Decreasing quality (0101),Average,No,No,Yes,Land (Nothing else but land),Yes,No
19678,"Pixel produced, but most probably cloudy",Decreasing quality (0111),High,No,No,Yes,Land (Nothing else but land),Yes,No
19682,"Pixel produced, but most probably cloudy",Decreasing quality (1000),High,No,No,Yes,Land (Nothing else but land),Yes,No
19686,"Pixel produced, but most probably cloudy",Decreasing quality (1001),High,No,No,Yes,Land (Nothing else but land),Yes,No
19738,"Pixel produced, but most probably cloudy",Decreasing quality (0110),Climatology,Yes,No,Yes,Land (Nothing else but land),Yes,No
19742,"Pixel produced, but most probably cloudy",Decreasing quality (0111),Climatology,Yes,No,Yes,Land (Nothing else but land),Yes,No
19746,"Pixel produced, but most probably cloudy",Decreasing quality (1000),Climatology,Yes,No,Yes,Land (Nothing else but land),Yes,No
19750,"Pixel produced, but most probably cloudy",Decreasing quality (1001),Climatology,Yes,No,Yes,Land (Nothing else but land),Yes,No
19866,"Pixel produced, but most probably cloudy",Decreasing quality (0110),Average,Yes,No,Yes,Land (Nothing else but land),Yes,No
19934,"Pixel produced, but most probably cloudy",Decreasing quality (0111),High,Yes,No,Yes,Land (Nothing else but land),Yes,No
19938,"Pixel produced, but most probably cloudy",Decreasing quality (1000),High,Yes,No,Yes,Land (Nothing else but land),Yes,No
19942,"Pixel produced, but most probably cloudy",Decreasing quality (1001),High,Yes,No,Yes,Land (Nothing else but land),Yes,No
19946,"Pixel produced, but most probably cloudy",Decreasing quality (1010),High,Yes,No,Yes,Land (Nothing else but land),Yes,No
20493,"VI produced, but check other QA",Decreasing quality (0011),Climatology,No,No,No,Ocean coastlines and lake shorelines,Yes,No
20494,"Pixel produced, but most probably cloudy",Decreasing quality (0011),Climatology,No,No,No,Ocean coastlines and lake shorelines,Yes,No
20497,"VI produced, but check other QA",Decreasing quality (0100),Climatology,No,No,No,Ocean coastlines and lake shorelines,Yes,No
20498,"Pixel produced, but most probably cloudy",Decreasing quality (0100),Climatology,No,No,No,Ocean coastlines and lake shorelines,Yes,No
20501,"VI produced, but check other QA",Decreasing quality (0101),Climatology,No,No,No,Ocean coastlines and lake shorelines,Yes,No
20502,"Pixel produced, but most probably cloudy",Decreasing quality (0101),Climatology,No,No,No,Ocean coastlines and lake shorelines,Yes,No
20548,"VI produced, good quality",Lower quality,Low,No,No,No,Ocean coastlines and lake shorelines,Yes,No
20552,"VI produced, good quality",Decreasing quality (0010),Low,No,No,No,Ocean coastlines and lake shorelines,Yes,No
20556,"VI produced, good quality",Decreasing quality (0011),Low,No,No,No,Ocean coastlines and lake shorelines,Yes,No
20621,"VI produced, but check other QA",Decreasing quality (0011),Average,No,No,No,Ocean coastlines and lake shorelines,Yes,No
20753,"VI produced, but check other QA",Decreasing quality (0100),Climatology,Yes,No,No,Ocean coastlines and lake shorelines,Yes,No
20754,"Pixel produced, but most probably cloudy",Decreasing quality (0100),Climatology,Yes,No,No,Ocean coastlines and lake shorelines,Yes,No
20757,"VI produced, but check other QA",Decreasing quality (0101),Climatology,Yes,No,No,Ocean coastlines and lake shorelines,Yes,No
20758,"Pixel produced, but most probably cloudy",Decreasing quality (0101),Climatology,Yes,No,No,Ocean coastlines and lake shorelines,Yes,No
20761,"VI produced, but check other QA",Decreasing quality (0110),Climatology,Yes,No,No,Ocean coastlines and lake shorelines,Yes,No
20762,"Pixel produced, but most probably cloudy",Decreasing quality (0110),Climatology,Yes,No,No,Ocean coastlines and lake shorelines,Yes,No
21526,"Pixel produced, but most probably cloudy",Decreasing quality (0101),Climatology,No,No,Yes,Ocean coastlines and lake shorelines,Yes,No
21530,"Pixel produced, but most probably cloudy",Decreasing quality (0110),Climatology,No,No,Yes,Ocean coastlines and lake shorelines,Yes,No
21534,"Pixel produced, but most probably cloudy",Decreasing quality (0111),Climatology,No,No,Yes,Ocean coastlines and lake shorelines,Yes,No
21538,"Pixel produced, but most probably cloudy",Decreasing quality (1000),Climatology,No,No,Yes,Ocean coastlines and lake shorelines,Yes,No
21590,"Pixel produced, but most probably cloudy",Decreasing quality (0101),Low,No,No,Yes,Ocean coastlines and lake shorelines,Yes,No
21786,"Pixel produced, but most probably cloudy",Decreasing quality (0110),Climatology,Yes,No,Yes,Ocean coastlines and lake shorelines,Yes,No
21790,"Pixel produced, but most probably cloudy",Decreasing quality (0111),Climatology,Yes,No,Yes,Ocean coastlines and lake shorelines,Yes,No
21794,"Pixel produced, but most probably cloudy",Decreasing quality (1000),Climatology,Yes,No,Yes,Ocean coastlines and lake shorelines,Yes,No
21798,"Pixel produced, but most probably cloudy",Decreasing quality (1001),Climatology,Yes,No,Yes,Ocean coastlines and lake shorelines,Yes,No
22541,"VI produced, but check other QA",Decreasing quality (0011),Climatology,No,No,No,Shallow inland water,Yes,No
22542,"Pixel produced, but most probably cloudy",Decreasing quality (0011),Climatology,No,No,No,Shallow inland water,Yes,No
22545,"VI produced, but check other QA",Decreasing quality (0100),Climatology,No,No,No,Shallow inland water,Yes,No
22546,"Pixel produced, but most probably cloudy",Decreasing quality (0100),Climatology,No,No,No,Shallow inland water,Yes,No
22549,"VI produced, but check other QA",Decreasing quality (0101),Climatology,No,No,No,Shallow inland water,Yes,No
22550,"Pixel produced, but most probably cloudy",Decreasing quality (0101),Climatology,No,No,No,Shallow inland water,Yes,No
22596,"VI produced, good quality",Lower quality,Low,No,No,No,Shallow inland water,Yes,No
22600,"VI produced, good quality",Decreasing quality (0010),Low,No,No,No,Shallow inland water,Yes,No
22604,"VI produced, good quality",Decreasing quality (0011),Low,No,No,No,Shallow inland water,Yes,No
22737,"VI produced, but check other QA",Decreasing quality (0100),High,No,No,No,Shallow inland water,Yes,No
22745,"VI produced, but check other QA",Decreasing quality (0110),High,No,No,No,Shallow inland water,Yes,No
22801,"VI produced, but check other QA",Decreasing quality (0100),Climatology,Yes,No,No,Shallow inland water,Yes,No
22802,"Pixel produced, but most probably cloudy",Decreasing quality (0100),Climatology,Yes,No,No,Shallow inland water,Yes,No
22805,"VI produced, but check other QA",Decreasing quality (0101),Climatology,Yes,No,No,Shallow inland water,Yes,No
22806,"Pixel produced, but most probably cloudy",Decreasing quality (0101),Climatology,Yes,No,No,Shallow inland water,Yes,No
22809,"VI produced, but check other QA",Decreasing quality (0110),Climatology,Yes,No,No,Shallow inland water,Yes,No
22810,"Pixel produced, but most probably cloudy",Decreasing quality (0110),Climatology,Yes,No,No,Shallow inland water,Yes,No
22997,"VI produced, but check other QA",Decreasing quality (0101),High,Yes,No,No,Shallow inland water,Yes,No
23001,"VI produced, but check other QA",Decreasing quality (0110),High,Yes,No,No,Shallow inland water,Yes,No
23005,"VI produced, but check other QA",Decreasing quality (0111),High,Yes,No,No,Shallow inland water,Yes,No
23574,"Pixel produced, but most probably cloudy",Decreasing quality (0101),Climatology,No,No,Yes,Shallow inland water,Yes,No
23578,"Pixel produced, but most probably cloudy",Decreasing quality (0110),Climatology,No,No,Yes,Shallow inland water,Yes,No
23582,"Pixel produced, but most probably cloudy",Decreasing quality (0111),Climatology,No,No,Yes,Shallow inland water,Yes,No
23586,"Pixel produced, but most probably cloudy",Decreasing quality (1000),Climatology,No,No,Yes,Shallow inland water,Yes,No
23778,"Pixel produced, but most probably cloudy",Decreasing quality (1000),High,No,No,Yes,Shallow inland water,Yes,No
23838,"Pixel produced, but most probably cloudy",Decreasing quality (0111),Climatology,Yes,No,Yes,Shallow inland water,Yes,No
23842,"Pixel produced, but most probably cloudy",Decreasing quality (1000),Climatology,Yes,No,Yes,Shallow inland water,Yes,No
23846,"Pixel produced, but most probably cloudy",Decreasing quality (1001),Climatology,Yes,No,Yes,Shallow inland water,Yes,No
24034,"Pixel produced, but most probably cloudy",Decreasing quality (1000),High,Yes,No,Yes,Shallow inland water,Yes,No
24038,"Pixel produced, but most probably cloudy",Decreasing quality (1001),High,Yes,No,Yes,Shallow inland water,Yes,No
24042,"Pixel produced, but most probably cloudy",Decreasing quality (1010),High,Yes,No,Yes,Shallow inland water,Yes,No
34833,"VI produced, but check other QA",Decreasing quality (0100),Climatology,No,No,No,Land (Nothing else but land),No,Yes
34834,"Pixel produced, but most probably cloudy",Decreasing quality (0100),Climatology,No,No,No,Land (Nothing else but land),No,Yes
34837,"VI produced, but check other QA",Decreasing quality (0101),Climatology,No,No,No,Land (Nothing else but land),No,Yes
34838,"Pixel produced, but most probably cloudy",Decreasing quality (0101),Climatology,No,No,No,Land (Nothing else but land),No,Yes
34841,"VI produced, but check other QA",Decreasing quality (0110),Climatology,No,No,No,Land (Nothing else but land),No,Yes
34842,"Pixel produced, but most probably cloudy",Decreasing quality (0110),Climatology,No,No,No,Land (Nothing else but land),No,Yes
34879,Pixel not produced due to other reasons than clouds,Not useful for any other reason/not processed,Climatology,No,No,No,Land (Nothing else but land),No,Yes
34888,"VI produced, good quality",Decreasing quality (0010),Low,No,No,No,Land (Nothing else but land),No,Yes
34890,"Pixel produced, but most probably cloudy",Decreasing quality (0010),Low,No,No,No,Land (Nothing else but land),No,Yes
34892,"VI produced, good quality",Decreasing quality (0011),Low,No,No,No,Land (Nothing else but land),No,Yes
34894,"Pixel produced, but most probably cloudy",Decreasing quality (0011),Low,No,No,No,Land (Nothing else but land),No,Yes
34896,"VI produced, good quality",Decreasing quality (0100),Low,No,No,No,Land (Nothing else but land),No,Yes
34898,"Pixel produced, but most probably cloudy",Decreasing quality (0100),Low,No,No,No,Land (Nothing else but land),No,Yes
34943,Pixel not produced due to other reasons than clouds,Not useful for any other reason/not processed,Low,No,No,No,Land (Nothing else but land),No,Yes
34957,"VI produced, but check other QA",Decreasing quality (0011),Average,No,No,No,Land (Nothing else but land),No,Yes
34958,"Pixel produced, but most probably cloudy",Decreasing quality (0011),Average,No,No,No,Land (Nothing else but land),No,Yes
34961,"VI produced, but check other QA",Decreasing quality (0100),Average,No,No,No,Land (Nothing else but land),No,Yes
34962,"Pixel produced, but most probably cloudy",Decreasing quality (0100),Average,No,No,No,Land (Nothing else but land),No,Yes
34965,"VI produced, but check other QA",Decreasing quality (0101),Average,No,No,No,Land (Nothing else but land),No,Yes
34966,"Pixel produced, but most probably cloudy",Decreasing quality (0101),Average,No,No,No,Land (Nothing else but land),No,Yes
35007,Pixel not produced due to other reasons than clouds,Not useful for any other reason/not processed,Average,No,No,No,Land (Nothing else but land),No,Yes
35029,"VI produced, but check other QA",Decreasing quality (0101),High,No,No,No,Land (Nothing else but land),No,Yes
35030,"Pixel produced, but most probably cloudy",Decreasing quality (0101),High,No,No,No,Land (Nothing else but land),No,Yes
35033,"VI produced, but check other QA",Decreasing quality (0110),High,No,No,No,Land (Nothing else but land),No,Yes
35034,"Pixel produced, but most probably cloudy",Decreasing quality (0110),High,No,No,No,Land (Nothing else but land),No,Yes
35037,"VI produced, but check other QA",Decreasing quality (0111),High,No,No,No,Land (Nothing else but land),No,Yes
35038,"Pixel produced, but most probably cloudy",Decreasing quality (0111),High,No,No,No,Land (Nothing else but land),No,Yes
35071,Pixel not produced due to other reasons than clouds,Not useful for any other reason/not processed,High,No,No,No,Land (Nothing else but land),No,Yes
35089,"VI produced, but check other QA",Decreasing quality (0100),Climatology,Yes,No,No,Land (Nothing else but land),No,Yes
35090,"Pixel produced, but most probably cloudy",Decreasing quality (0100),Climatology,Yes,No,No,Land (Nothing else but land),No,Yes
35093,"VI produced, but check other QA",Decreasing quality (0101),Climatology,Yes,No,No,Land (Nothing else but land),No,Yes
35094,"Pixel produced, but most probably cloudy",Decreasing quality (0101),Climatology,Yes,No,No,Land (Nothing else but land),No,Yes
35097,"VI produced, but check other QA",Decreasing quality (0110),Climatology,Yes,No,No,Land (Nothing else but land),No,Yes
35098,"Pixel produced, but most probably cloudy",Decreasing quality (0110),Climatology,Yes,No,No,Land (Nothing else but land),No,Yes
35101,"VI produced, but check other QA",Decreasing quality (0111),Climatology,Yes,No,No,Land (Nothing else but land),No,Yes
35102,"Pixel produced, but most probably cloudy",Decreasing quality (0111),Climatology,Yes,No,No,Land (Nothing else but land),No,Yes
35135,Pixel not produced due to other reasons than clouds,Not useful for any other reason/not processed,Climatology,Yes,No,No,Land (Nothing else but land),No,Yes
35144,"VI produced, good quality",Decreasing quality (0010),Low,Yes,No,No,Land (Nothing else but land),No,Yes
35146,"Pixel produced, but most probably cloudy",Decreasing quality (0010),Low,Yes,No,No,Land (Nothing else but land),No,Yes
35148,"VI produced, good quality",Decreasing quality (0011),Low,Yes,No,No,Land (Nothing else but land),No,Yes
35150,"Pixel produced, but most probably cloudy",Decreasing quality (0011),Low,Yes,No,No,Land (Nothing else but land),No,Yes
35152,"VI produced, good quality",Decreasing quality (0100),Low,Yes,No,No,Land (Nothing else but land),No,Yes
35154,"Pixel produced, but most probably cloudy",Decreasing quality (0100),Low,Yes,No,No,Land (Nothing else but land),No,Yes
35156,"VI produced, good quality",Decreasing quality (0101),Low,Yes,No,No,Land (Nothing else but land),No,Yes
35158,"Pixel produced, but most probably cloudy",Decreasing quality (0101),Low,Yes,No,No,Land (Nothing else but land),No,Yes
35199,Pixel not produced due to other reasons than clouds,Not useful for any other reason/not processed,Low,Yes,No,No,Land (Nothing else but land),No,Yes
35213,"VI produced, but check other QA",Decreasing quality (0011),Average,Yes,No,No,Land (Nothing else but land),No,Yes
35214,"Pixel produced, but most probably cloudy",Decreasing quality (0011),Average,Yes,No,No,Land (Nothing else but land),No,Yes
35217,"VI produced, but check other QA",Decreasing quality (0100),Average,Yes,No,No,Land (Nothing else but land),No,Yes
35218,"Pixel produced, but most probably cloudy",Decreasing quality (0100),Average,Yes,No,No,Land (Nothing else but land),No,Yes
35221,"VI produced, but check other QA",Decreasing quality (0101),Average,Yes,No,No,Land (Nothing else but land),No,Yes
35222,"Pixel produced, but most probably cloudy",Decreasing quality (0101),Average,Yes,No,No,Land (Nothing else but land),No,Yes
35225,"VI produced, but check other QA",Decreasing quality (0110),Average,Yes,No,No,Land (Nothing else but land),No,Yes
35226,"Pixel produced, but most probably cloudy",Decreasing quality (0110),Average,Yes,No,No,Land (Nothing else but land),No,Yes
35263,Pixel not produced due to other reasons than clouds,Not useful for any other reason/not processed,Average,Yes,No,No,Land (Nothing else but land),No,Yes
35285,"VI produced, but check other QA",Decreasing quality (0101),High,Yes,No,No,Land (Nothing else but land),No,Yes
35286,"Pixel produced, but most probably cloudy",Decreasing quality (0101),High,Yes,No,No,Land (Nothing else but land),No,Yes
35289,"VI produced, but check other QA",Decreasing quality (0110),High,Yes,No,No,Land (Nothing else but land),No,Yes
35290,"Pixel produced, but most probably cloudy",Decreasing quality (0110),High,Yes,No,No,Land (Nothing else but land),No,Yes
35293,"VI produced, but check other QA",Decreasing quality (0111),High,Yes,No,No,Land (Nothing else but land),No,Yes
35294,"Pixel produced, but most probably cloudy",Decreasing quality (0111),High,Yes,No,No,Land (Nothing else but land),No,Yes
35297,"VI produced, but check other QA",Decreasing quality (1000),High,Yes,No,No,Land (Nothing else but land),No,Yes
35298,"Pixel produced, but most probably cloudy",Decreasing quality (1000),High,Yes,No,No,Land (Nothing else but land),No,Yes
35327,Pixel not produced due to other reasons than clouds,Not useful for any other reason/not processed,High,Yes,No,No,Land (Nothing else but land),No,Yes
35870,"Pixel produced, but most probably cloudy",Decreasing quality (0111),Climatology,No,No,Yes,Land (Nothing else but land),No,Yes
35874,"Pixel produced, but most probably cloudy",Decreasing quality (1000),Climatology,No,No,Yes,Land (Nothing else but land),No,Yes
35878,"Pixel produced, but most probably cloudy",Decreasing quality (1001),Climatology,No,No,Yes,Land (Nothing else but land),No,Yes
35926,"Pixel produced, but most probably cloudy",Decreasing quality (0101),Low,No,No,Yes,Land (Nothing else but land),No,Yes
35930,"Pixel produced, but most probably cloudy",Decreasing quality (0110),Low,No,No,Yes,Land (Nothing else but land),No,Yes
35934,"Pixel produced, but most probably cloudy",Decreasing quality (0111),Low,No,No,Yes,Land (Nothing else but land),No,Yes
35994,"Pixel produced, but most probably cloudy",Decreasing quality (0110),Average,No,No,Yes,Land (Nothing else but land),No,Yes
35998,"Pixel produced, but most probably cloudy",Decreasing quality (0111),Average,No,No,Yes,Land (Nothing else but land),No,Yes
36002,"Pixel produced, but most probably cloudy",Decreasing quality (1000),Average,No,No,Yes,Land (Nothing else but land),No,Yes
36066,"Pixel produced, but most probably cloudy",Decreasing quality (1000),High,No,No,Yes,Land (Nothing else but land),No,Yes
36070,"Pixel produced, but most probably cloudy",Decreasing quality (1001),High,No,No,Yes,Land (Nothing else but land),No,Yes
36074,"Pixel produced, but most probably cloudy",Decreasing quality (1010),High,No,No,Yes,Land (Nothing else but land),No,Yes
36122,"Pixel produced, but most probably cloudy",Decreasing quality (0110),Climatology,Yes,No,Yes,Land (Nothing else but land),No,Yes
36126,"Pixel produced, but most probably cloudy",Decreasing quality (0111),Climatology,Yes,No,Yes,Land (Nothing else but land),No,Yes
36130,"Pixel produced, but most probably cloudy",Decreasing quality (1000),Climatology,Yes,No,Yes,Land (Nothing else but land),No,Yes
36134,"Pixel produced, but most probably cloudy",Decreasing quality (1001),Climatology,Yes,No,Yes,Land (Nothing else but land),No,Yes
36138,"Pixel produced, but most probably cloudy",Decreasing quality (1010),Climatology,Yes,No,Yes,Land (Nothing else but land),No,Yes
36178,"Pixel produced, but most probably cloudy",Decreasing quality (0100),Low,Yes,No,Yes,Land (Nothing else but land),No,Yes
36182,"Pixel produced, but most probably cloudy",Decreasing quality (0101),Low,Yes,No,Yes,Land (Nothing else but land),No,Yes
36186,"Pixel produced, but most probably cloudy",Decreasing quality (0110),Low,Yes,No,Yes,Land (Nothing else but land),No,Yes
36190,"Pixel produced, but most probably cloudy",Decreasing quality (0111),Low,Yes,No,Yes,Land (Nothing else but land),No,Yes
36194,"Pixel produced, but most probably cloudy",Decreasing quality (1000),Low,Yes,No,Yes,Land (Nothing else but land),No,Yes
36246,"Pixel produced, but most probably cloudy",Decreasing quality (0101),Average,Yes,No,Yes,Land (Nothing else but land),No,Yes
36250,"Pixel produced, but most probably cloudy",Decreasing quality (0110),Average,Yes,No,Yes,Land (Nothing else but land),No,Yes
36254,"Pixel produced, but most probably cloudy",Decreasing quality (0111),Average,Yes,No,Yes,Land (Nothing else but land),No,Yes
36258,"Pixel produced, but most probably cloudy",Decreasing quality (1000),Average,Yes,No,Yes,Land (Nothing else but land),No,Yes
36262,"Pixel produced, but most probably cloudy",Decreasing quality (1001),Average,Yes,No,Yes,Land (Nothing else but land),No,Yes
36318,"Pixel produced, but most probably cloudy",Decreasing quality (0111),High,Yes,No,Yes,Land (Nothing else but land),No,Yes
36322,"Pixel produced, but most probably cloudy",Decreasing quality (1000),High,Yes,No,Yes,Land (Nothing else but land),No,Yes
36326,"Pixel produced, but most probably cloudy",Decreasing quality (1001),High,Yes,No,Yes,Land (Nothing else but land),No,Yes
36330,"Pixel produced, but most probably cloudy",Decreasing quality (1010),High,Yes,No,Yes,Land (Nothing else but land),No,Yes
36334,"Pixel produced, but most probably cloudy",Decreasing quality (1011),High,Yes,No,Yes,Land (Nothing else but land),No,Yes
36881,"VI produced, but check other QA",Decreasing quality (0100),Climatology,No,No,No,Ocean coastlines and lake shorelines,No,Yes
36882,"Pixel produced, but most probably cloudy",Decreasing quality (0100),Climatology,No,No,No,Ocean coastlines and lake shorelines,No,Yes
36885,"VI produced, but check other QA",Decreasing quality (0101),Climatology,No,No,No,Ocean coastlines and lake shorelines,No,Yes
36886,"Pixel produced, but most probably cloudy",Decreasing quality (0101),Climatology,No,No,No,Ocean coastlines and lake shorelines,No,Yes
36889,"VI produced, but check other QA",Decreasing quality (0110),Climatology,No,No,No,Ocean coastlines and lake shorelines,No,Yes
36890,"Pixel produced, but most probably cloudy",Decreasing quality (0110),Climatology,No,No,No,Ocean coastlines and lake shorelines,No,Yes
36936,"VI produced, good quality",Decreasing quality (0010),Low,No,No,No,Ocean coastlines and lake shorelines,No,Yes
36938,"Pixel produced, but most probably cloudy",Decreasing quality (0010),Low,No,No,No,Ocean coastlines and lake shorelines,No,Yes
36940,"VI produced, good quality",Decreasing quality (0011),Low,No,No,No,Ocean coastlines and lake shorelines,No,Yes
36942,"Pixel produced, but most probably cloudy",Decreasing quality (0011),Low,No,No,No,Ocean coastlines and lake shorelines,No,Yes
36944,"VI produced, good quality",Decreasing quality (0100),Low,No,No,No,Ocean coastlines and lake shorelines,No,Yes
36946,"Pixel produced, but most probably cloudy",Decreasing quality (0100),Low,No,No,No,Ocean coastlines and lake shorelines,No,Yes
36991,Pixel not produced due to other reasons than clouds,Not useful for any other reason/not processed,Low,No,No,No,Ocean coastlines and lake shorelines,No,Yes
37009,"VI produced, but check other QA",Decreasing quality (0100),Average,No,No,No,Ocean coastlines and lake shorelines,No,Yes
37010,"Pixel produced, but most probably cloudy",Decreasing quality (0100),Average,No,No,No,Ocean coastlines and lake shorelines,No,Yes
37013,"VI produced, but check other QA",Decreasing quality (0101),Average,No,No,No,Ocean coastlines and lake shorelines,No,Yes
37137,"VI produced, but check other QA",Decreasing quality (0100),Climatology,Yes,No,No,Ocean coastlines and lake shorelines,No,Yes
37138,"Pixel produced, but most probably cloudy",Decreasing quality (0100),Climatology,Yes,No,No,Ocean coastlines and lake shorelines,No,Yes
37141,"VI produced, but check other QA",Decreasing quality (0101),Climatology,Yes,No,No,Ocean coastlines and lake shorelines,No,Yes
37142,"Pixel produced, but most probably cloudy",Decreasing quality (0101),Climatology,Yes,No,No,Ocean coastlines and lake shorelines,No,Yes
37145,"VI produced, but check other QA",Decreasing quality (0110),Climatology,Yes,No,No,Ocean coastlines and lake shorelines,No,Yes
37146,"Pixel produced, but most probably cloudy",Decreasing quality (0110),Climatology,Yes,No,No,Ocean coastlines and lake shorelines,No,Yes
37149,"VI produced, but check other QA",Decreasing quality (0111),Climatology,Yes,No,No,Ocean coastlines and lake shorelines,No,Yes
37150,"Pixel produced, but most probably cloudy",Decreasing quality (0111),Climatology,Yes,No,No,Ocean coastlines and lake shorelines,No,Yes
37183,Pixel not produced due to other reasons than clouds,Not useful for any other reason/not processed,Climatology,Yes,No,No,Ocean coastlines and lake shorelines,No,Yes
37192,"VI produced, good quality",Decreasing quality (0010),Low,Yes,No,No,Ocean coastlines and lake shorelines,No,Yes
37194,"Pixel produced, but most probably cloudy",Decreasing quality (0010),Low,Yes,No,No,Ocean coastlines and lake shorelines,No,Yes
37196,"VI produced, good quality",Decreasing quality (0011),Low,Yes,No,No,Ocean coastlines and lake shorelines,No,Yes
37198,"Pixel produced, but most probably cloudy",Decreasing quality (0011),Low,Yes,No,No,Ocean coastlines and lake shorelines,No,Yes
37918,"Pixel produced, but most probably cloudy",Decreasing quality (0111),Climatology,No,No,Yes,Ocean coastlines and lake shorelines,No,Yes
37922,"Pixel produced, but most probably cloudy",Decreasing quality (1000),Climatology,No,No,Yes,Ocean coastlines and lake shorelines,No,Yes
37926,"Pixel produced, but most probably cloudy",Decreasing quality (1001),Climatology,No,No,Yes,Ocean coastlines and lake shorelines,No,Yes
37974,"Pixel produced, but most probably cloudy",Decreasing quality (0101),Low,No,No,Yes,Ocean coastlines and lake shorelines,No,Yes
37978,"Pixel produced, but most probably cloudy",Decreasing quality (0110),Low,No,No,Yes,Ocean coastlines and lake shorelines,No,Yes
37982,"Pixel produced, but most probably cloudy",Decreasing quality (0111),Low,No,No,Yes,Ocean coastlines and lake shorelines,No,Yes
38046,"Pixel produced, but most probably cloudy",Decreasing quality (0111),Average,No,No,Yes,Ocean coastlines and lake shorelines,No,Yes
38170,"Pixel produced, but most probably cloudy",Decreasing quality (0110),Climatology,Yes,No,Yes,Ocean coastlines and lake shorelines,No,Yes
38174,"Pixel produced, but most probably cloudy",Decreasing quality (0111),Climatology,Yes,No,Yes,Ocean coastlines and lake shorelines,No,Yes
38178,"Pixel produced, but most probably cloudy",Decreasing quality (1000),Climatology,Yes,No,Yes,Ocean coastlines and lake shorelines,No,Yes
38182,"Pixel produced, but most probably cloudy",Decreasing quality (1001),Climatology,Yes,No,Yes,Ocean coastlines and lake shorelines,No,Yes
38186,"Pixel produced, but most probably cloudy",Decreasing quality (1010),Climatology,Yes,No,Yes,Ocean coastlines and lake shorelines,No,Yes
38226,"Pixel produced, but most probably cloudy",Decreasing quality (0100),Low,Yes,No,Yes,Ocean coastlines and lake shorelines,No,Yes
38230,"Pixel produced, but most probably cloudy",Decreasing quality (0101),Low,Yes,No,Yes,Ocean coastlines and lake shorelines,No,Yes
38234,"Pixel produced, but most probably cloudy",Decreasing quality (0110),Low,Yes,No,Yes,Ocean coastlines and lake shorelines,No,Yes
38929,"VI produced, but check other QA",Decreasing quality (0100),Climatology,No,No,No,Shallow inland water,No,Yes
38930,"Pixel produced, but most probably cloudy",Decreasing quality (0100),Climatology,No,No,No,Shallow inland water,No,Yes
38933,"VI produced, but check other QA",Decreasing quality (0101),Climatology,No,No,No,Shallow inland water,No,Yes
38934,"Pixel produced, but most probably cloudy",Decreasing quality (0101),Climatology,No,No,No,Shallow inland water,No,Yes
38937,"VI produced, but check other QA",Decreasing quality (0110),Climatology,No,No,No,Shallow inland water,No,Yes
38938,"Pixel produced, but most probably cloudy",Decreasing quality (0110),Climatology,No,No,No,Shallow inland water,No,Yes
38975,Pixel not produced due to other reasons than clouds,Not useful for any other reason/not processed,Climatology,No,No,No,Shallow inland water,No,Yes
38984,"VI produced, good quality",Decreasing quality (0010),Low,No,No,No,Shallow inland water,No,Yes
38986,"Pixel produced, but most probably cloudy",Decreasing quality (0010),Low,No,No,No,Shallow inland water,No,Yes
38988,"VI produced, good quality",Decreasing quality (0011),Low,No,No,No,Shallow inland water,No,Yes
38990,"Pixel produced, but most probably cloudy",Decreasing quality (0011),Low,No,No,No,Shallow inland water,No,Yes
38992,"VI produced, good quality",Decreasing quality (0100),Low,No,No,No,Shallow inland water,No,Yes
38994,"Pixel produced, but most probably cloudy",Decreasing quality (0100),Low,No,No,No,Shallow inland water,No,Yes
39039,Pixel not produced due to other reasons than clouds,Not useful for any other reason/not processed,Low,No,No,No,Shallow inland water,No,Yes
39053,"VI produced, but check other QA",Decreasing quality (0011),Average,No,No,No,Shallow inland water,No,Yes
39057,"VI produced, but check other QA",Decreasing quality (0100),Average,No,No,No,Shallow inland water,No,Yes
39058,"Pixel produced, but most probably cloudy",Decreasing quality (0100),Average,No,No,No,Shallow inland water,No,Yes
39061,"VI produced, but check other QA",Decreasing quality (0101),Average,No,No,No,Shallow inland water,No,Yes
39062,"Pixel produced, but most probably cloudy",Decreasing quality (0101),Average,No,No,No,Shallow inland water,No,Yes
39125,"VI produced, but check other QA",Decreasing quality (0101),High,No,No,No,Shallow inland water,No,Yes
39126,"Pixel produced, but most probably cloudy",Decreasing quality (0101),High,No,No,No,Shallow inland water,No,Yes
39129,"VI produced, but check other QA",Decreasing quality (0110),High,No,No,No,Shallow inland water,No,Yes
39130,"Pixel produced, but most probably cloudy",Decreasing quality (0110),High,No,No,No,Shallow inland water,No,Yes
39133,"VI produced, but check other QA",Decreasing quality (0111),High,No,No,No,Shallow inland water,No,Yes
39185,"VI produced, but check other QA",Decreasing quality (0100),Climatology,Yes,No,No,Shallow inland water,No,Yes
39186,"Pixel produced, but most probably cloudy",Decreasing quality (0100),Climatology,Yes,No,No,Shallow inland water,No,Yes
39189,"VI produced, but check other QA",Decreasing quality (0101),Climatology,Yes,No,No,Shallow inland water,No,Yes
39190,"Pixel produced, but most probably cloudy",Decreasing quality (0101),Climatology,Yes,No,No,Shallow inland water,No,Yes
39193,"VI produced, but check other QA",Decreasing quality (0110),Climatology,Yes,No,No,Shallow inland water,No,Yes
39194,"Pixel produced, but most probably cloudy",Decreasing quality (0110),Climatology,Yes,No,No,Shallow inland water,No,Yes
39197,"VI produced, but check other QA",Decreasing quality (0111),Climatology,Yes,No,No,Shallow inland water,No,Yes
39198,"Pixel produced, but most probably cloudy",Decreasing quality (0111),Climatology,Yes,No,No,Shallow inland water,No,Yes
39231,Pixel not produced due to other reasons than clouds,Not useful for any other reason/not processed,Climatology,Yes,No,No,Shallow inland water,No,Yes
39240,"VI produced, good quality",Decreasing quality (0010),Low,Yes,No,No,Shallow inland water,No,Yes
39244,"VI produced, good quality",Decreasing quality (0011),Low,Yes,No,No,Shallow inland water,No,Yes
39248,"VI produced, good quality",Decreasing quality (0100),Low,Yes,No,No,Shallow inland water,No,Yes
39313,"VI produced, but check other QA",Decreasing quality (0100),Average,Yes,No,No,Shallow inland water,No,Yes
39317,"VI produced, but check other QA",Decreasing quality (0101),Average,Yes,No,No,Shallow inland water,No,Yes
39318,"Pixel produced, but most probably cloudy",Decreasing quality (0101),Average,Yes,No,No,Shallow inland water,No,Yes
39381,"VI produced, but check other QA",Decreasing quality (0101),High,Yes,No,No,Shallow inland water,No,Yes
39385,"VI produced, but check other QA",Decreasing quality (0110),High,Yes,No,No,Shallow inland water,No,Yes
39386,"Pixel produced, but most probably cloudy",Decreasing quality (0110),High,Yes,No,No,Shallow inland water,No,Yes
39389,"VI produced, but check other QA",Decreasing quality (0111),High,Yes,No,No,Shallow inland water,No,Yes
39390,"Pixel produced, but most probably cloudy",Decreasing quality (0111),High,Yes,No,No,Shallow inland water,No,Yes
39393,"VI produced, but check other QA",Decreasing quality (1000),High,Yes,No,No,Shallow inland water,No,Yes
39394,"Pixel produced, but most probably cloudy",Decreasing quality (1000),High,Yes,No,No,Shallow inland water,No,Yes
39966,"Pixel produced, but most probably cloudy",Decreasing quality (0111),Climatology,No,No,Yes,Shallow inland water,No,Yes
39970,"Pixel produced, but most probably cloudy",Decreasing quality (1000),Climatology,No,No,Yes,Shallow inland water,No,Yes
39974,"Pixel produced, but most probably cloudy",Decreasing quality (1001),Climatology,No,No,Yes,Shallow inland water,No,Yes
40022,"Pixel produced, but most probably cloudy",Decreasing quality (0101),Low,No,No,Yes,Shallow inland water,No,Yes
40026,"Pixel produced, but most probably cloudy",Decreasing quality (0110),Low,No,No,Yes,Shallow inland water,No,Yes
40030,"Pixel produced, but most probably cloudy",Decreasing quality (0111),Low,No,No,Yes,Shallow inland water,No,Yes
40094,"Pixel produced, but most probably cloudy",Decreasing quality (0111),Average,No,No,Yes,Shallow inland water,No,Yes
40098,"Pixel produced, but most probably cloudy",Decreasing quality (1000),Average,No,No,Yes,Shallow inland water,No,Yes
40162,"Pixel produced, but most probably cloudy",Decreasing quality (1000),High,No,No,Yes,Shallow inland water,No,Yes
40166,"Pixel produced, but most probably cloudy",Decreasing quality (1001),High,No,No,Yes,Shallow inland water,No,Yes
40170,"Pixel produced, but most probably cloudy",Decreasing quality (1010),High,No,No,Yes,Shallow inland water,No,Yes
40218,"Pixel produced, but most probably cloudy",Decreasing quality (0110),Climatology,Yes,No,Yes,Shallow inland water,No,Yes
40222,"Pixel produced, but most probably cloudy",Decreasing quality (0111),Climatology,Yes,No,Yes,Shallow inland water,No,Yes
40226,"Pixel produced, but most probably cloudy",Decreasing quality (1000),Climatology,Yes,No,Yes,Shallow inland water,No,Yes
40230,"Pixel produced, but most probably cloudy",Decreasing quality (1001),Climatology,Yes,No,Yes,Shallow inland water,No,Yes
40234,"Pixel produced, but most probably cloudy",Decreasing quality (1010),Climatology,Yes,No,Yes,Shallow inland water,No,Yes
40278,"Pixel produced, but most probably cloudy",Decreasing quality (0101),Low,Yes,No,Yes,Shallow inland water,No,Yes
40422,"Pixel produced, but most probably cloudy",Decreasing quality (1001),High,Yes,No,Yes,Shallow inland water,No,Yes
40426,"Pixel produced, but most probably cloudy",Decreasing quality (1010),High,Yes,No,Yes,Shallow inland water,No,Yes
40430,"Pixel produced, but most probably cloudy",Decreasing quality (1011),High,Yes,No,Yes,Shallow inland water,No,Yes
51199,Pixel not produced due to other reasons than clouds,Not useful for any other reason/not processed,High,Yes,Yes,Yes,Shallow ocean,Yes,Yes
51221,"VI produced, but check other QA",Decreasing quality (0101),Climatology,No,No,No,Land (Nothing else but land),Yes,Yes
51222,"Pixel produced, but most probably cloudy",Decreasing quality (0101),Climatology,No,No,No,Land (Nothing else but land),Yes,Yes
51225,"VI produced, but check other QA",Decreasing quality (0110),Climatology,No,No,No,Land (Nothing else but land),Yes,Yes
51226,"Pixel produced, but most probably cloudy",Decreasing quality (0110),Climatology,No,No,No,Land (Nothing else but land),Yes,Yes
51229,"VI produced, but check other QA",Decreasing quality (0111),Climatology,No,No,No,Land (Nothing else but land),Yes,Yes
51230,"Pixel produced, but most probably cloudy",Decreasing quality (0111),Climatology,No,No,No,Land (Nothing else but land),Yes,Yes
51276,"VI produced, good quality",Decreasing quality (0011),Low,No,No,No,Land (Nothing else but land),Yes,Yes
51345,"VI produced, but check other QA",Decreasing quality (0100),Average,No,No,No,Land (Nothing else but land),Yes,Yes
51349,"VI produced, but check other QA",Decreasing quality (0101),Average,No,No,No,Land (Nothing else but land),Yes,Yes
51417,"VI produced, but check other QA",Decreasing quality (0110),High,No,No,No,Land (Nothing else but land),Yes,Yes
51418,"Pixel produced, but most probably cloudy",Decreasing quality (0110),High,No,No,No,Land (Nothing else but land),Yes,Yes
51421,"VI produced, but check other QA",Decreasing quality (0111),High,No,No,No,Land (Nothing else but land),Yes,Yes
51422,"Pixel produced, but most probably cloudy",Decreasing quality (0111),High,No,No,No,Land (Nothing else but land),Yes,Yes
51425,"VI produced, but check other QA",Decreasing quality (1000),High,No,No,No,Land (Nothing else but land),Yes,Yes
51473,"VI produced, but check other QA",Decreasing quality (0100),Climatology,Yes,No,No,Land (Nothing else but land),Yes,Yes
51474,"Pixel produced, but most probably cloudy",Decreasing quality (0100),Climatology,Yes,No,No,Land (Nothing else but land),Yes,Yes
51477,"VI produced, but check other QA",Decreasing quality (0101),Climatology,Yes,No,No,Land (Nothing else but land),Yes,Yes
51478,"Pixel produced, but most probably cloudy",Decreasing quality (0101),Climatology,Yes,No,No,Land (Nothing else but land),Yes,Yes
51481,"VI produced, but check other QA",Decreasing quality (0110),Climatology,Yes,No,No,Land (Nothing else but land),Yes,Yes
51482,"Pixel produced, but most probably cloudy",Decreasing quality (0110),Climatology,Yes,No,No,Land (Nothing else but land),Yes,Yes
51485,"VI produced, but check other QA",Decreasing quality (0111),Climatology,Yes,No,No,Land (Nothing else but land),Yes,Yes
51486,"Pixel produced, but most probably cloudy",Decreasing quality (0111),Climatology,Yes,No,No,Land (Nothing else but land),Yes,Yes
51489,"VI produced, but check other QA",Decreasing quality (1000),Climatology,Yes,No,No,Land (Nothing else but land),Yes,Yes
51490,"Pixel produced, but most probably cloudy",Decreasing quality (1000),Climatology,Yes,No,No,Land (Nothing else but land),Yes,Yes
51536,"VI produced, good quality",Decreasing quality (0100),Low,Yes,No,No,Land (Nothing else but land),Yes,Yes
51597,"VI produced, but check other QA",Decreasing quality (0011),Average,Yes,No,No,Land (Nothing else but land),Yes,Yes
51601,"VI produced, but check other QA",Decreasing quality (0100),Average,Yes,No,No,Land (Nothing else but land),Yes,Yes
51605,"VI produced, but check other QA",Decreasing quality (0101),Average,Yes,No,No,Land (Nothing else but land),Yes,Yes
51609,"VI produced, but check other QA",Decreasing quality (0110),Average,Yes,No,No,Land (Nothing else but land),Yes,Yes
51669,"VI produced, but check other QA",Decreasing quality (0101),High,Yes,No,No,Land (Nothing else but land),Yes,Yes
51673,"VI produced, but check other QA",Decreasing quality (0110),High,Yes,No,No,Land (Nothing else but land),Yes,Yes
51677,"VI produced, but check other QA",Decreasing quality (0111),High,Yes,No,No,Land (Nothing else but land),Yes,Yes
51678,"Pixel produced, but most probably cloudy",Decreasing quality (0111),High,Yes,No,No,Land (Nothing else but land),Yes,Yes
51681,"VI produced, but check other QA",Decreasing quality (1000),High,Yes,No,No,Land (Nothing else but land),Yes,Yes
51682,"Pixel produced, but most probably cloudy",Decreasing quality (1000),High,Yes,No,No,Land (Nothing else but land),Yes,Yes
51685,"VI produced, but check other QA",Decreasing quality (1001),High,Yes,No,No,Land (Nothing else but land),Yes,Yes
51686,"Pixel produced, but most probably cloudy",Decreasing quality (1001),High,Yes,No,No,Land (Nothing else but land),Yes,Yes
52254,"Pixel produced, but most probably cloudy",Decreasing quality (0111),Climatology,No,No,Yes,Land (Nothing else but land),Yes,Yes
52258,"Pixel produced, but most probably cloudy",Decreasing quality (1000),Climatology,No,No,Yes,Land (Nothing else but land),Yes,Yes
52262,"Pixel produced, but most probably cloudy",Decreasing quality (1001),Climatology,No,No,Yes,Land (Nothing else but land),Yes,Yes
52266,"Pixel produced, but most probably cloudy",Decreasing quality (1010),Climatology,No,No,Yes,Land (Nothing else but land),Yes,Yes
52454,"Pixel produced, but most probably cloudy",Decreasing quality (1001),High,No,No,Yes,Land (Nothing else but land),Yes,Yes
52458,"Pixel produced, but most probably cloudy",Decreasing quality (1010),High,No,No,Yes,Land (Nothing else but land),Yes,Yes
52462,"Pixel produced, but most probably cloudy",Decreasing quality (1011),High,No,No,Yes,Land (Nothing else but land),Yes,Yes
52510,"Pixel produced, but most probably cloudy",Decreasing quality (0111),Climatology,Yes,No,Yes,Land (Nothing else but land),Yes,Yes
52514,"Pixel produced, but most probably cloudy",Decreasing quality (1000),Climatology,Yes,No,Yes,Land (Nothing else but land),Yes,Yes
52518,"Pixel produced, but most probably cloudy",Decreasing quality (1001),Climatology,Yes,No,Yes,Land (Nothing else but land),Yes,Yes
52522,"Pixel produced, but most probably cloudy",Decreasing quality (1010),Climatology,Yes,No,Yes,Land (Nothing else but land),Yes,Yes
52526,"Pixel produced, but most probably cloudy",Decreasing quality (1011),Climatology,Yes,No,Yes,Land (Nothing else but land),Yes,Yes
52642,"Pixel produced, but most probably cloudy",Decreasing quality (1000),Average,Yes,No,Yes,Land (Nothing else but land),Yes,Yes
52714,"Pixel produced, but most probably cloudy",Decreasing quality (1010),High,Yes,No,Yes,Land (Nothing else but land),Yes,Yes
52718,"Pixel produced, but most probably cloudy",Decreasing quality (1011),High,Yes,No,Yes,Land (Nothing else but land),Yes,Yes
52722,"Pixel produced, but most probably cloudy",Lowest quality,High,Yes,No,Yes,Land (Nothing else but land),Yes,Yes
53247,Pixel not produced due to other reasons than clouds,Not useful for any other reason/not processed,High,Yes,Yes,Yes,Land (Nothing else but land),Yes,Yes
53269,"VI produced, but check other QA",Decreasing quality (0101),Climatology,No,No,No,Ocean coastlines and lake shorelines,Yes,Yes
53273,"VI produced, but check other QA",Decreasing quality (0110),Climatology,No,No,No,Ocean coastlines and lake shorelines,Yes,Yes
53274,"Pixel produced, but most probably cloudy",Decreasing quality (0110),Climatology,No,No,No,Ocean coastlines and lake shorelines,Yes,Yes
53277,"VI produced, but check other QA",Decreasing quality (0111),Climatology,No,No,No,Ocean coastlines and lake shorelines,Yes,Yes
53278,"Pixel produced, but most probably cloudy",Decreasing quality (0111),Climatology,No,No,No,Ocean coastlines and lake shorelines,Yes,Yes
53328,"VI produced, good quality",Decreasing quality (0100),Low,No,No,No,Ocean coastlines and lake shorelines,Yes,Yes
53521,"VI produced, but check other QA",Decreasing quality (0100),Climatology,Yes,No,No,Ocean coastlines and lake shorelines,Yes,Yes
53525,"VI produced, but check other QA",Decreasing quality (0101),Climatology,Yes,No,No,Ocean coastlines and lake shorelines,Yes,Yes
53529,"VI produced, but check other QA",Decreasing quality (0110),Climatology,Yes,No,No,Ocean coastlines and lake shorelines,Yes,Yes
53530,"Pixel produced, but most probably cloudy",Decreasing quality (0110),Climatology,Yes,No,No,Ocean coastlines and lake shorelines,Yes,Yes
53533,"VI produced, but check other QA",Decreasing quality (0111),Climatology,Yes,No,No,Ocean coastlines and lake shorelines,Yes,Yes
53534,"Pixel produced, but most probably cloudy",Decreasing quality (0111),Climatology,Yes,No,No,Ocean coastlines and lake shorelines,Yes,Yes
53537,"VI produced, but check other QA",Decreasing quality (1000),Climatology,Yes,No,No,Ocean coastlines and lake shorelines,Yes,Yes
53538,"Pixel produced, but most probably cloudy",Decreasing quality (1000),Climatology,Yes,No,No,Ocean coastlines and lake shorelines,Yes,Yes
54306,"Pixel produced, but most probably cloudy",Decreasing quality (1000),Climatology,No,No,Yes,Ocean coastlines and lake shorelines,Yes,Yes
54310,"Pixel produced, but most probably cloudy",Decreasing quality (1001),Climatology,No,No,Yes,Ocean coastlines and lake shorelines,Yes,Yes
54314,"Pixel produced, but most probably cloudy",Decreasing quality (1010),Climatology,No,No,Yes,Ocean coastlines and lake shorelines,Yes,Yes
54558,"Pixel produced, but most probably cloudy",Decreasing quality (0111),Climatology,Yes,No,Yes,Ocean coastlines and lake shorelines,Yes,Yes
54562,"Pixel produced, but most probably cloudy",Decreasing quality (1000),Climatology,Yes,No,Yes,Ocean coastlines and lake shorelines,Yes,Yes
54566,"Pixel produced, but most probably cloudy",Decreasing quality (1001),Climatology,Yes,No,Yes,Ocean coastlines and lake shorelines,Yes,Yes
54570,"Pixel produced, but most probably cloudy",Decreasing quality (1010),Climatology,Yes,No,Yes,Ocean coastlines and lake shorelines,Yes,Yes
54574,"Pixel produced, but most probably cloudy",Decreasing quality (1011),Climatology,Yes,No,Yes,Ocean coastlines and lake shorelines,Yes,Yes
55295,Pixel not produced due to other reasons than clouds,Not useful for any other reason/not processed,High,Yes,Yes,Yes,Ocean coastlines and lake shorelines,Yes,Yes
55317,"VI produced, but check other QA",Decreasing quality (0101),Climatology,No,No,No,Shallow inland water,Yes,Yes
55318,"Pixel produced, but most probably cloudy",Decreasing quality (0101),Climatology,No,No,No,Shallow inland water,Yes,Yes
55321,"VI produced, but check other QA",Decreasing quality (0110),Climatology,No,No,No,Shallow inland water,Yes,Yes
55322,"Pixel produced, but most probably cloudy",Decreasing quality (0110),Climatology,No,No,No,Shallow inland water,Yes,Yes
55325,"VI produced, but check other QA",Decreasing quality (0111),Climatology,No,No,No,Shallow inland water,Yes,Yes
55573,"VI produced, but check other QA",Decreasing quality (0101),Climatology,Yes,No,No,Shallow inland water,Yes,Yes
55577,"VI produced, but check other QA",Decreasing quality (0110),Climatology,Yes,No,No,Shallow inland water,Yes,Yes
55578,"Pixel produced, but most probably cloudy",Decreasing quality (0110),Climatology,Yes,No,No,Shallow inland water,Yes,Yes
55581,"VI produced, but check other QA",Decreasing quality (0111),Climatology,Yes,No,No,Shallow inland water,Yes,Yes
55582,"Pixel produced, but most probably cloudy",Decreasing quality (0111),Climatology,Yes,No,No,Shallow inland water,Yes,Yes
55585,"VI produced, but check other QA",Decreasing quality (1000),Climatology,Yes,No,No,Shallow inland water,Yes,Yes
55586,"Pixel produced, but most probably cloudy",Decreasing quality (1000),Climatology,Yes,No,No,Shallow inland water,Yes,Yes
55777,"VI produced, but check other QA",Decreasing quality (1000),High,Yes,No,No,Shallow inland water,Yes,Yes
56354,"Pixel produced, but most probably cloudy",Decreasing quality (1000),Climatology,No,No,Yes,Shallow inland water,Yes,Yes
56358,"Pixel produced, but most probably cloudy",Decreasing quality (1001),Climatology,No,No,Yes,Shallow inland water,Yes,Yes
56554,"Pixel produced, but most probably cloudy",Decreasing quality (1010),High,No,No,Yes,Shallow inland water,Yes,Yes
56606,"Pixel produced, but most probably cloudy",Decreasing quality (0111),Climatology,Yes,No,Yes,Shallow inland water,Yes,Yes
56614,"Pixel produced, but most probably cloudy",Decreasing quality (1001),Climatology,Yes,No,Yes,Shallow inland water,Yes,Yes
56618,"Pixel produced, but most probably cloudy",Decreasing quality (1010),Climatology,Yes,No,Yes,Shallow inland water,Yes,Yes
56622,"Pixel produced, but most probably cloudy",Decreasing quality (1011),Climatology,Yes,No,Yes,Shallow inland water,Yes,Yes
56814,"Pixel produced, but most probably cloudy",Decreasing quality (1011),High,Yes,No,Yes,Shallow inland water,Yes,Yes
57343,Pixel not produced due to other reasons than clouds,Not useful for any other reason/not processed,High,Yes,Yes,Yes,Shallow inland water,Yes,Yes
63487,Pixel not produced due to other reasons than clouds,Not useful for any other reason/not processed,High,Yes,Yes,Yes,Moderate or continental ocean,Yes,Yes
